{"type":"FeatureCollection","features":[{"type":"Feature","geometry":{"type":"Point","coordinates":[-78.918333,42.043611]},"properties":{"name":"Allegheny Reservoir","kind":"lake","pgcoord":"76-C2","county":"Cattaraugus","acres":"12,000","depth":"128","elev":"1,328"}},{"type":"Feature","geometry":{"type":"Point","coordinates":[-78.066667,42.385278]},"properties":{"name":"Allen Lake","kind":"lake","pgcoord":"97-C6","county":"Allegany","acres":"58","depth":"19"}},{"type":"Feature","geometry":{"type":"Point","coordinates":[-77.712222,42.346389]},"properties":{"name":"Almond Lake","kind":"lake","pgcoord":"99-D4","county":"Steuben","acres":"480","depth":"25","elev":"1,257"}},{"type":"Feature","geometry":{"type":"Point","coordinates":[-75.762778,42.553056]},"properties":{"name":"Balsam Pond","kind":"lake","pgcoord":"106-A3","county":"Chenango","acres":"153","depth":"10","elev":"1,660"}},{"type":"Feature","geometry":{"type":"Point","coordinates":[-79.383056,42.346389]},"properties":{"name":"Bear Lake","kind":"lake","pgcoord":"92-C2","county":"Chautauqua","acres":"116","depth":"35","elev":"1,316"}},{"type":"Feature","geometry":{"type":"Point","coordinates":[-75.568333,44.538333]},"properties":{"name":"Black Lake","kind":"lake","pgcoord":"169-A5","county":"St. Lawrence","acres":"8,352","depth":"29","elev":"272"}},{"type":"Feature","geometry":{"type":"Point","coordinates":[-75.774444,44.304444]},"properties":{"name":"Butterfield Lake","kind":"lake","pgcoord":"168-E3","county":"Jefferson","acres":"1,005","depth":"49","elev":"279"}},{"type":"Feature","geometry":{"type":"Point","coordinates":[-77.569444,42.72]},"properties":{"name":"Canadice Lake","kind":"lake","pgcoord":"115-B5","county":"Ontario","acres":"649","depth":"95","elev":"1,096"}},{"type":"Feature","geometry":{"type":"Point","coordinates":[-77.309722,42.771944]},"properties":{"name":"Canandaigua Lake","kind":"lake","pgcoord":"116-B3","county":"Ontario","acres":"10,558","depth":"276","elev":"688"}},{"type":"Feature","geometry":{"type":"Point","coordinates":[-78.438056,42.320556]},"properties":{"name":"Case Lake","kind":"lake","pgcoord":"96-D1","county":"Cattaraugus","acres":"71"}},{"type":"Feature","geometry":{"type":"Point","coordinates":[-79.320278,42.341111]},"properties":{"name":"Cassadaga Lakes","kind":"lake","pgcoord":"92-C3","county":"Chautauqua","acres":"83","depth":"35","elev":"1,306"}},{"type":"Feature","geometry":{"type":"Point","coordinates":[-76.173889,42.650833]},"properties":{"name":"Casterline Pond","kind":"lake","pgcoord":"121-D4","county":"Cortland","acres":"9","depth":"25","elev":"1,220"}},{"type":"Feature","geometry":{"type":"Point","coordinates":[-76.635,42.581667]},"properties":{"name":"Cayuga Lake","kind":"lake","pgcoord":"119-E4","county":"Tompkins","acres":"42,454","depth":"399","elev":"381"}},{"type":"Feature","geometry":{"type":"Point","coordinates":[-76.735,42.368333]},"properties":{"name":"Cayuta Lake","kind":"lake","pgcoord":"102-D3","county":"Schuyler","acres":"371","depth":"26","elev":"1,317"}},{"type":"Feature","geometry":{"type":"Point","coordinates":[-75.876111,42.948333]},"properties":{"name":"Cazenovia Lake","kind":"lake","pgcoord":"136-D2","county":"Madison","acres":"1,184","depth":"45","elev":"1,191"}},{"type":"Feature","geometry":{"type":"Point","coordinates":[-79.3825,42.132778]},"properties":{"name":"Chautauqua Lake","kind":"lake","pgcoord":"74-B2","county":"Chautauqua","acres":"13,156","depth":"77","elev":"1,308"}},{"type":"Feature","geometry":{"type":"Point","coordinates":[-75.836389,42.206944]},"properties":{"name":"Chenango Lake","kind":"lake","pgcoord":"88-B2","county":"Broome","acres":"26","depth":"30","elev":"886"}},{"type":"Feature","geometry":{"type":"Point","coordinates":[-75.825833,44.278889]},"properties":{"name":"Clear Lake","kind":"lake","pgcoord":"164-A2","county":"Jefferson","acres":"160","depth":"44","elev":"354"}},{"type":"Feature","geometry":{"type":"Point","coordinates":[-77.711389,42.734444]},"properties":{"name":"Conesus Lake","kind":"lake","pgcoord":"115-B4","county":"Livingston","acres":"3,420","depth":"66","elev":"817"}},{"type":"Feature","geometry":{"type":"Point","coordinates":[-76.149444,42.785833]},"properties":{"name":"Crooked Lake","kind":"lake","pgcoord":"121-B4","county":"Onondaga","acres":"121","depth":"75","elev":"1,194"}},{"type":"Feature","geometry":{"type":"Point","coordinates":[-76.481667,43.102222]},"properties":{"name":"Cross Lake","kind":"lake","pgcoord":"134-A1","county":"Onondaga","acres":"1,920","depth":"65","elev":"374"}},{"type":"Feature","geometry":{"type":"Point","coordinates":[-76.126944,43.828611]},"properties":{"name":"Crystal Lake","kind":"lake","pgcoord":"159-D5","county":"Jefferson","acres":"173","depth":"24","elev":"423"}},{"type":"Feature","geometry":{"type":"Point","coordinates":[-75.798889,44.275]},"properties":{"name":"Crystal Lake","kind":"lake","pgcoord":"164-A3","county":"Jefferson","acres":"83","depth":"40","elev":"371"}},{"type":"Feature","geometry":{"type":"Point","coordinates":[-78.292222,42.252222]},"properties":{"name":"Cuba Lake","kind":"lake","pgcoord":"96-E3","county":"Allegany","acres":"399","depth":"46","elev":"1,545"}},{"type":"Feature","geometry":{"type":"Point","coordinates":[-75.428056,43.2825]},"properties":{"name":"Delta Reservoir","kind":"lake","pgcoord":"151-C6","county":"Oneida","acres":"2,483","depth":"60","elev":"548"}},{"type":"Feature","geometry":{"type":"Point","coordinates":[-75.892778,42.805833]},"properties":{"name":"DeRuyter Reservoir","kind":"lake","pgcoord":"122-A1","county":"Madison","acres":"576","depth":"53","elev":"1,280"}},{"type":"Feature","geometry":{"type":"Point","coordinates":[-76.273611,42.4625]},"properties":{"name":"Dryden Lake","kind":"lake","pgcoord":"104-B3","county":"Tompkins","acres":"117","depth":"12","elev":"1,155"}},{"type":"Feature","geometry":{"type":"Point","coordinates":[-76.689722,43.147222]},"properties":{"name":"Duck Lake","kind":"lake","pgcoord":"147-E4","county":"Cayuga","acres":"218","depth":"20","elev":"397"}},{"type":"Feature","geometry":{"type":"Point","coordinates":[-75.699167,42.859167]},"properties":{"name":"Eaton Reservoir","kind":"lake","pgcoord":"136-E3","county":"Madison","acres":"247","depth":"52","elev":"1,430"}},{"type":"Feature","geometry":{"type":"Point","coordinates":[-76.816944,42.113889]},"properties":{"name":"Eldridge Lake","kind":"lake","pgcoord":"84-C2","county":"Chemung","acres":"13","elev":"853"}},{"type":"Feature","geometry":{"type":"Point","coordinates":[-79.726667,42.101944]},"properties":{"name":"Findley Lake","kind":"lake","pgcoord":"73-B4","county":"Chautauqua","acres":"292","depth":"37","elev":"1,421"}},{"type":"Feature","geometry":{"type":"Point","coordinates":[-78.388611,43.233333]},"properties":{"name":"Glenwood Lake","kind":"lake","pgcoord":"140-C3","county":"Orleans","acres":"4","depth":"42","elev":"453"}},{"type":"Feature","geometry":{"type":"Point","coordinates":[-75.715278,44.34]},"properties":{"name":"Grass Lake","kind":"lake","pgcoord":"168-E3","county":"St. Lawrence","acres":"320","depth":"55","elev":"321"}},{"type":"Feature","geometry":{"type":"Point","coordinates":[-76.150278,42.714444]},"properties":{"name":"Green Lake","kind":"lake","pgcoord":"121-C4","county":"Cortland","acres":"19","depth":"20","elev":"1,152"}},{"type":"Feature","geometry":{"type":"Point","coordinates":[-75.966389,43.050556]},"properties":{"name":"Green Lake","kind":"lake","pgcoord":"136-B1","county":"Onondaga","acres":"64","depth":"180","elev":"417"}},{"type":"Feature","geometry":{"type":"Point","coordinates":[-75.499444,42.413056]},"properties":{"name":"Guilford Lake","kind":"lake","pgcoord":"107-C5","county":"Chenango","acres":"70","depth":"65","elev":"1,558"}},{"type":"Feature","geometry":{"type":"Point","coordinates":[-78.379722,42.383333]},"properties":{"name":"Harwood Lake","kind":"lake","pgcoord":"96-C2","county":"Cattaraugus","acres":"3","depth":"20"}},{"type":"Feature","geometry":{"type":"Point","coordinates":[-77.606389,42.708056]},"properties":{"name":"Hemlock Lake","kind":"lake","pgcoord":"115-C5","county":"Livingston","acres":"1,800","depth":"91","elev":"905"}},{"type":"Feature","geometry":{"type":"Point","coordinates":[-77.511111,42.720556]},"properties":{"name":"Honeoye Lake","kind":"lake","pgcoord":"116-B1","county":"Ontario","acres":"1,772","depth":"30","elev":"804"}},{"type":"Feature","geometry":{"type":"Point","coordinates":[-75.832778,44.244167]},"properties":{"name":"Hyde Lake","kind":"lake","pgcoord":"164-A2","county":"Jefferson","acres":"186","depth":"18","elev":"384"}},{"type":"Feature","geometry":{"type":"Point","coordinates":[-76.068889,42.966667]},"properties":{"name":"Jamesville Reservoir","kind":"lake","pgcoord":"135-D5","county":"Onondaga","acres":"198","depth":"36","elev":"640"}},{"type":"Feature","geometry":{"type":"Point","coordinates":[-75.922778,43.468333]},"properties":{"name":"Kasoag Lake","kind":"lake","pgcoord":"156-E1","county":"Oswego","acres":"58","elev":"620"}},{"type":"Feature","geometry":{"type":"Point","coordinates":[-77.064444,42.656389]},"properties":{"name":"Keuka Lake","kind":"lake","pgcoord":"117-D5","county":"Yates","acres":"11,584","depth":"183","elev":"715"}},{"type":"Feature","geometry":{"type":"Point","coordinates":[-76.302222,42.676389]},"properties":{"name":"Lake Como","kind":"lake","pgcoord":"120-C2","county":"Cayuga","acres":"64","depth":"22","elev":"1,309"}},{"type":"Feature","geometry":{"type":"Point","coordinates":[-79.539167,42.610278]},"properties":{"name":"Lake Erie","kind":"lake","pgcoord":"108-B2","county":"Chautauqua","acres":"373,699","depth":"210"}},{"type":"Feature","geometry":{"type":"Point","coordinates":[-75.516944,42.851389]},"properties":{"name":"Lake Moraine (Madison","kind":"lake","pgcoord":"123-A5","county":"Madison","acres":"199","depth":"45","elev":"1,211"}},{"type":"Feature","geometry":{"type":"Point","coordinates":[-76.437778,43.307778]},"properties":{"name":"Lake Neatahwanta","kind":"lake","pgcoord":"148-C1","county":"Oswego","acres":"699","depth":"12","elev":"366"}},{"type":"Feature","geometry":{"type":"Point","coordinates":[-75.726389,44.316667]},"properties":{"name":"Lake of the Woods","kind":"lake","pgcoord":"168-E3","county":"Jefferson","acres":"99","depth":"80","elev":"328"}},{"type":"Feature","geometry":{"type":"Point","coordinates":[-77.916667,43.669722]},"properties":{"name":"Lake Ontario","kind":"lake","pgcoord":"156-B2","county":"Orleans","acres":"1,990,000","depth":"802"}},{"type":"Feature","geometry":{"type":"Point","coordinates":[-76.206389,43.740556]},"properties":{"name":"Lakeview Pond","kind":"lake","pgcoord":"159-E4","county":"Jefferson","acres":"186","depth":"6","elev":"246"}},{"type":"Feature","geometry":{"type":"Point","coordinates":[-77.077778,42.405]},"properties":{"name":"Lamoka Lake","kind":"lake","pgcoord":"101-C5","county":"Schuyler","acres":"826","depth":"47","elev":"1,099"}},{"type":"Feature","geometry":{"type":"Point","coordinates":[-75.606667,42.803333]},"properties":{"name":"Lebanon Reservoir","kind":"lake","pgcoord":"123-A4","county":"Madison","acres":"92","depth":"45","elev":"1,309"}},{"type":"Feature","geometry":{"type":"Point","coordinates":[-75.961389,43.525556]},"properties":{"name":"Lighthouse Hill (Lower) Reservoir","kind":"lake","pgcoord":"156-D1","county":"Oswego","acres":"166","elev":"650"}},{"type":"Feature","geometry":{"type":"Point","coordinates":[-78.480833,42.421667]},"properties":{"name":"Lime Lake","kind":"lake","pgcoord":"96-B1","county":"Cattaraugus","acres":"99","depth":"40","elev":"1,637"}},{"type":"Feature","geometry":{"type":"Point","coordinates":[-75.843333,42.419167]},"properties":{"name":"Long Pond","kind":"lake","pgcoord":"106-C2","county":"Chenango","acres":"115","depth":"49","elev":"1,237"}},{"type":"Feature","geometry":{"type":"Point","coordinates":[-77.5675,42.491389]},"properties":{"name":"Loon Lake","kind":"lake","pgcoord":"99-A5","county":"Steuben","acres":"141","depth":"45","elev":"1,696"}},{"type":"Feature","geometry":{"type":"Point","coordinates":[-75.573333,42.872778]},"properties":{"name":"Lower Leland Pond","kind":"lake","pgcoord":"137-E5","county":"Madison","acres":"100","depth":"50","elev":"1,132"}},{"type":"Feature","geometry":{"type":"Point","coordinates":[-75.776111,44.2875]},"properties":{"name":"Millsite Lake","kind":"lake","pgcoord":"164-A3","county":"Jefferson","acres":"506","depth":"76","elev":"298"}},{"type":"Feature","geometry":{"type":"Point","coordinates":[-75.738611,44.253056]},"properties":{"name":"Moon Lake","kind":"lake","pgcoord":"164-A3","county":"Jefferson","acres":"218","depth":"20","elev":"390"}},{"type":"Feature","geometry":{"type":"Point","coordinates":[-75.808611,44.283889]},"properties":{"name":"Mud Lake","kind":"lake","pgcoord":"164-A2","county":"Jefferson","acres":"224","depth":"17","elev":"354"}},{"type":"Feature","geometry":{"type":"Point","coordinates":[-75.696389,44.292222]},"properties":{"name":"Muskellunge Lake","kind":"lake","pgcoord":"165-A4","county":"Jefferson","acres":"288","depth":"25","elev":"302"}},{"type":"Feature","geometry":{"type":"Point","coordinates":[-78.912222,42.300833]},"properties":{"name":"New Albion Pond","kind":"lake","pgcoord":"94-D2","county":"Cattaraugus","acres":"50","depth":"25"}},{"type":"Feature","geometry":{"type":"Point","coordinates":[-75.996389,43.368889]},"properties":{"name":"North Pond","kind":"lake","pgcoord":"149-B6","county":"Oswego","acres":"218","depth":"13","elev":"574"}},{"type":"Feature","geometry":{"type":"Point","coordinates":[-75.935,43.208056]},"properties":{"name":"Oneida Lake","kind":"lake","pgcoord":"150-D1","county":"Oswego","acres":"51,092","depth":"55","elev":"367"}},{"type":"Feature","geometry":{"type":"Point","coordinates":[-76.211667,43.091389]},"properties":{"name":"Onondaga Lake","kind":"lake","pgcoord":"134-A3","county":"Onondaga","acres":"2,944","depth":"62","elev":"364"}},{"type":"Feature","geometry":{"type":"Point","coordinates":[-76.279444,42.859167]},"properties":{"name":"Otisco Lake","kind":"lake","pgcoord":"134-E3","county":"Onondaga","acres":"2,214","depth":"70","elev":"787"}},{"type":"Feature","geometry":{"type":"Point","coordinates":[-76.533333,43.139167]},"properties":{"name":"Otter Lake","kind":"lake","pgcoord":"147-E6","county":"Cayuga","acres":"282","depth":"14","elev":"397"}},{"type":"Feature","geometry":{"type":"Point","coordinates":[-76.505278,42.814444]},"properties":{"name":"Owasco Lake","kind":"lake","pgcoord":"119-A6","county":"Cayuga","acres":"6,784","depth":"177","elev":"712"}},{"type":"Feature","geometry":{"type":"Point","coordinates":[-75.908611,43.328889]},"properties":{"name":"Panther Lake","kind":"lake","pgcoord":"150-B1","county":"Oswego","acres":"122","depth":"25","elev":"600"}},{"type":"Feature","geometry":{"type":"Point","coordinates":[-75.645278,44.283611]},"properties":{"name":"Payne Lake","kind":"lake","pgcoord":"165-A4","county":"Jefferson","acres":"154","depth":"15","elev":"344"}},{"type":"Feature","geometry":{"type":"Point","coordinates":[-75.937778,44.095278]},"properties":{"name":"Perch Lake","kind":"lake","pgcoord":"164-D1","county":"Jefferson","acres":"499","depth":"10","elev":"318"}},{"type":"Feature","geometry":{"type":"Point","coordinates":[-75.603611,44.388611]},"properties":{"name":"Pleasant Lake","kind":"lake","pgcoord":"169-D5","county":"St. Lawrence","acres":"205","depth":"32","elev":"335"}},{"type":"Feature","geometry":{"type":"Point","coordinates":[-78.866389,42.040833]},"properties":{"name":"Quaker Lake","kind":"lake","pgcoord":"76-C2","county":"Cattaraugus","acres":"270","depth":"40","elev":"1,340"}},{"type":"Feature","geometry":{"type":"Point","coordinates":[-78.743056,42.102778]},"properties":{"name":"Red House Lake","kind":"lake","pgcoord":"77-B4","county":"Cattaraugus","acres":"109","depth":"20","elev":"1,411"}},{"type":"Feature","geometry":{"type":"Point","coordinates":[-75.736389,44.268333]},"properties":{"name":"Red Lake","kind":"lake","pgcoord":"164-A3","county":"Jefferson","acres":"358","depth":"47","elev":"305"}},{"type":"Feature","geometry":{"type":"Point","coordinates":[-75.838611,42.399722]},"properties":{"name":"Round Pond","kind":"lake","pgcoord":"106-C2","county":"Chenango","acres":"26","depth":"15","elev":"1,342"}},{"type":"Feature","geometry":{"type":"Point","coordinates":[-77.646111,43.272778]},"properties":{"name":"Round Pond","kind":"lake","pgcoord":"143-C5","county":"Monroe","acres":"58","elev":"249"}},{"type":"Feature","geometry":{"type":"Point","coordinates":[-78.202778,42.361389]},"properties":{"name":"Rushford Lake","kind":"lake","pgcoord":"97-C4","county":"Allegany","acres":"585","depth":"115","elev":"1,440"}},{"type":"Feature","geometry":{"type":"Point","coordinates":[-76.0325,43.423611]},"properties":{"name":"Saint Marys Pond","kind":"lake","pgcoord":"149-A5","county":"Oswego","acres":"19","elev":"165"}},{"type":"Feature","geometry":{"type":"Point","coordinates":[-75.8625,43.533056]},"properties":{"name":"Salmon River Res","kind":"lake","pgcoord":"156-D2","county":"Oswego","acres":"3,299","depth":"55","elev":"938"}},{"type":"Feature","geometry":{"type":"Point","coordinates":[-76.918333,42.612778]},"properties":{"name":"Seneca Lake","kind":"lake","pgcoord":"118-D1","county":"Yates","acres":"43,343","depth":"618","elev":"446"}},{"type":"Feature","geometry":{"type":"Point","coordinates":[-78.035278,42.686389]},"properties":{"name":"Silver Lake","kind":"lake","pgcoord":"113-C6","county":"Wyoming","acres":"836","depth":"35","elev":"1,352"}},{"type":"Feature","geometry":{"type":"Point","coordinates":[-75.773889,44.280278]},"properties":{"name":"Sixberry Lake","kind":"lake","pgcoord":"164-A3","county":"Jefferson","acres":"128","depth":"90","elev":"344"}},{"type":"Feature","geometry":{"type":"Point","coordinates":[-76.350833,42.845556]},"properties":{"name":"Skaneateles Lake","kind":"lake","pgcoord":"120-A2","county":"Onondaga","acres":"8,704","depth":"287","elev":"863"}},{"type":"Feature","geometry":{"type":"Point","coordinates":[-76.0025,43.356944]},"properties":{"name":"South Pond","kind":"lake","pgcoord":"149-B6","county":"Oswego","acres":"31","depth":"25","elev":"561"}},{"type":"Feature","geometry":{"type":"Point","coordinates":[-76.135278,42.775833]},"properties":{"name":"Tully Lake","kind":"lake","pgcoord":"121-B4","county":"Cortland","acres":"230","depth":"34","elev":"1,194"}},{"type":"Feature","geometry":{"type":"Point","coordinates":[-75.755,42.86]},"properties":{"name":"Tuscarora Lake","kind":"lake","pgcoord":"136-E3","county":"Madison","acres":"307","depth":"42","elev":"1,509"}},{"type":"Feature","geometry":{"type":"Point","coordinates":[-75.577222,42.879722]},"properties":{"name":"Upper Leland Pond","kind":"lake","pgcoord":"137-E5","county":"Madison","acres":"100","depth":"50","elev":"344"}},{"type":"Feature","geometry":{"type":"Point","coordinates":[-76.156667,42.702778]},"properties":{"name":"Upper Little York Lake","kind":"lake","pgcoord":"121-C4","county":"Cortland","acres":"41","depth":"75","elev":"1,152"}},{"type":"Feature","geometry":{"type":"Point","coordinates":[-77.100278,42.441944]},"properties":{"name":"Waneta Lake","kind":"lake","pgcoord":"101-B5","county":"Schuyler","acres":"813","depth":"29","elev":"1,099"}},{"type":"Feature","geometry":{"type":"Point","coordinates":[-78.258333,43.321389]},"properties":{"name":"Waterport Pond","kind":"lake","pgcoord":"141-B4","county":"Orleans","acres":"338","depth":"59","elev":"102"}},{"type":"Feature","geometry":{"type":"Point","coordinates":[-75.970556,42.345556]},"properties":{"name":"Whitney Point Reservoir","kind":"lake","pgcoord":"105-D6","county":"Broome","acres":"3,168","depth":"20"}},{"type":"Feature","geometry":{"type":"Point","coordinates":[-75.598611,44.324444]},"properties":{"name":"Yellow Lake","kind":"lake","pgcoord":"169-E5","county":"St. Lawrence","acres":"365","depth":"13","elev":"104"}},{"type":"Feature","geometry":{"type":"Point","coordinates":[-78.519509,43.004898]},"properties":{"name":"Conservation Trail (Akron to Ellicot Creek Park)","kind":"trail","pgcoord":"126-B1","county":"Erie","landtype":"Multi-county / long trail","length":"175"}},{"type":"Feature","geometry":{"type":"Point","coordinates":[-76.154086,42.532648]},"properties":{"name":"North Country Trail","kind":"trail","pgcoord":"105-A4","county":"Cortland","landtype":"Multi-county / long trail","length":"947.3"}},{"type":"Feature","geometry":{"type":"Point","coordinates":[-78.113418,42.380641]},"properties":{"name":"George Forest Road","kind":"trail","pgcoord":"97-C5","county":"Allegany","landtype":"State Forest","length":"0.8"}},{"type":"Feature","geometry":{"type":"Point","coordinates":[-75.731749,42.536118]},"properties":{"name":"Balsam Pond Access Road","kind":"trail","pgcoord":"106-A3","county":"Chenango","landtype":"State Forest","length":"0.2"}},{"type":"Feature","geometry":{"type":"Point","coordinates":[-78.483771,42.370025]},"properties":{"name":"Creekside Roundup Horse Trail","kind":"trail","pgcoord":"96-C1","county":"Cattaraugus","landtype":"State Forest","length":"1.2"}},{"type":"Feature","geometry":{"type":"Point","coordinates":[-76.251388,42.762921]},"properties":{"name":"Blue Trail","kind":"trail","pgcoord":"120-B3","county":"Cortland","landtype":"State Forest","length":"3.3"}},{"type":"Feature","geometry":{"type":"Point","coordinates":[-76.344746,42.761922]},"properties":{"name":"Cayuga 1 Public Forest Access Road","kind":"trail","pgcoord":"120-B2","county":"Cayuga","landtype":"State Forest","length":"0.4"}},{"type":"Feature","geometry":{"type":"Point","coordinates":[-76.344746,42.761922]},"properties":{"name":"Number 6 Fire Lane","kind":"trail","pgcoord":"120-B2","county":"Cayuga","landtype":"State Forest","length":"0.4"}},{"type":"Feature","geometry":{"type":"Point","coordinates":[-76.344746,42.761922]},"properties":{"name":"Red Trail","kind":"trail","pgcoord":"120-B2","county":"Cayuga","landtype":"State Forest","length":"3.2"}},{"type":"Feature","geometry":{"type":"Point","coordinates":[-76.251388,42.762921]},"properties":{"name":"Ridge Road","kind":"trail","pgcoord":"120-B3","county":"Cortland","landtype":"State Forest","length":"7.6"}},{"type":"Feature","geometry":{"type":"Point","coordinates":[-76.251388,42.762921]},"properties":{"name":"Yellow Trail","kind":"trail","pgcoord":"120-B3","county":"Cortland","landtype":"State Forest","length":"4.3"}},{"type":"Feature","geometry":{"type":"Point","coordinates":[-75.463645,43.983225]},"properties":{"name":"Cotton Ext. Trail","kind":"trail","pgcoord":"161-A6","county":"Lewis","landtype":"State Forest","length":"0.3"}},{"type":"Feature","geometry":{"type":"Point","coordinates":[-75.463645,43.983225]},"properties":{"name":"Flood Trail","kind":"trail","pgcoord":"161-A6","county":"Lewis","landtype":"State Forest","length":"1.4"}},{"type":"Feature","geometry":{"type":"Point","coordinates":[-75.559039,43.982621]},"properties":{"name":"Mt Tom Road","kind":"trail","pgcoord":"161-A5","county":"Jefferson","landtype":"State Forest","length":"0.8"}},{"type":"Feature","geometry":{"type":"Point","coordinates":[-75.467327,44.445725]},"properties":{"name":"Beacer Creek Haul Road","kind":"trail","pgcoord":"169-C6","county":"St. Lawrence","landtype":"State Forest","length":"0.3"}},{"type":"Feature","geometry":{"type":"Point","coordinates":[-76.150898,42.35929]},"properties":{"name":"Clute Hill Road Extension","kind":"trail","pgcoord":"105-D4","county":"Tioga","landtype":"State Forest","length":"0.6"}},{"type":"Feature","geometry":{"type":"Point","coordinates":[-76.990221,42.290259]},"properties":{"name":"Beaver Dams State Forest Trails","kind":"trail","pgcoord":"101-E6","county":"Schuyler","landtype":"State Forest"}},{"type":"Feature","geometry":{"type":"Point","coordinates":[-76.990221,42.290259]},"properties":{"name":"Moody Road","kind":"trail","pgcoord":"101-E6","county":"Schuyler","landtype":"State Forest","length":"1.3"}},{"type":"Feature","geometry":{"type":"Point","coordinates":[-76.990221,42.290259]},"properties":{"name":"Stephens Road","kind":"trail","pgcoord":"101-E6","county":"Schuyler","landtype":"State Forest","length":"0.2"}},{"type":"Feature","geometry":{"type":"Point","coordinates":[-75.640884,42.710183]},"properties":{"name":"Maple Hill Access Trail","kind":"trail","pgcoord":"123-C4","county":"Chenango","landtype":"State Forest","length":"0.7"}},{"type":"Feature","geometry":{"type":"Point","coordinates":[-75.542505,42.13254]},"properties":{"name":"Beaver Pond State Forest","kind":"trail","pgcoord":"89-C5","county":"Broome","landtype":"State Forest"}},{"type":"Feature","geometry":{"type":"Point","coordinates":[-75.542505,42.13254]},"properties":{"name":"Huggins Road","kind":"trail","pgcoord":"89-C5","county":"Broome","landtype":"State Forest","length":"0.9"}},{"type":"Feature","geometry":{"type":"Point","coordinates":[-75.542505,42.13254]},"properties":{"name":"Marsh Pond Road","kind":"trail","pgcoord":"89-C5","county":"Broome","landtype":"State Forest","length":"0.1"}},{"type":"Feature","geometry":{"type":"Point","coordinates":[-77.177545,42.34437]},"properties":{"name":"Admin Access Road","kind":"trail","pgcoord":"101-D4","county":"Steuben","landtype":"State Forest","length":"0.1"}},{"type":"Feature","geometry":{"type":"Point","coordinates":[-77.177545,42.34437]},"properties":{"name":"Birdseye Hollow State Forest Trails","kind":"trail","pgcoord":"101-D4","county":"Steuben","landtype":"State Forest"}},{"type":"Feature","geometry":{"type":"Point","coordinates":[-77.177545,42.34437]},"properties":{"name":"Cemetary Road","kind":"trail","pgcoord":"101-D4","county":"Steuben","landtype":"State Forest","length":"5.6"}},{"type":"Feature","geometry":{"type":"Point","coordinates":[-77.177545,42.34437]},"properties":{"name":"Kettle Road Foot Trail","kind":"trail","pgcoord":"101-D4","county":"Steuben","landtype":"State Forest","length":"0.1"}},{"type":"Feature","geometry":{"type":"Point","coordinates":[-77.177545,42.34437]},"properties":{"name":"Moss Hill State Forest Multiple-Use Trail","kind":"trail","pgcoord":"101-D4","county":"Steuben","landtype":"State Forest"}},{"type":"Feature","geometry":{"type":"Point","coordinates":[-77.177545,42.34437]},"properties":{"name":"Sanford Lake Access Road","kind":"trail","pgcoord":"101-D4","county":"Steuben","landtype":"State Forest","length":"0.6"}},{"type":"Feature","geometry":{"type":"Point","coordinates":[-77.177545,42.34437]},"properties":{"name":"Sanford Lake Foot Trail","kind":"trail","pgcoord":"101-D4","county":"Steuben","landtype":"State Forest","length":"0.1"}},{"type":"Feature","geometry":{"type":"Point","coordinates":[-79.134854,42.290512]},"properties":{"name":"Sanford Road","kind":"trail","pgcoord":"93-D5","county":"Chautauqua","landtype":"State Forest","length":"0.5"}},{"type":"Feature","geometry":{"type":"Point","coordinates":[-78.48057,42.312332]},"properties":{"name":"Jackson Extension","kind":"trail","pgcoord":"96-D1","county":"Cattaraugus","landtype":"State Forest","length":"0.6"}},{"type":"Feature","geometry":{"type":"Point","coordinates":[-79.488083,42.046047]},"properties":{"name":"Brokenstraw Forest Road","kind":"trail","pgcoord":"74-C1","county":"Chautauqua","landtype":"State Forest","length":"1.8"}},{"type":"Feature","geometry":{"type":"Point","coordinates":[-78.5303,42.310931]},"properties":{"name":"Hawk Forest Road","kind":"trail","pgcoord":"95-D6","county":"Cattaraugus","landtype":"State Forest","length":"0.7"}},{"type":"Feature","geometry":{"type":"Point","coordinates":[-75.827128,42.709031]},"properties":{"name":"Access Trail","kind":"trail","pgcoord":"122-C2","county":"Chenango","landtype":"State Forest","length":"8.2"}},{"type":"Feature","geometry":{"type":"Point","coordinates":[-75.827128,42.709031]},"properties":{"name":"Buck\u2019s Brook State Forest Trails","kind":"trail","pgcoord":"122-C2","county":"Chenango","landtype":"State Forest"}},{"type":"Feature","geometry":{"type":"Point","coordinates":[-77.782935,42.331238]},"properties":{"name":"Dixon Forest Road","kind":"trail","pgcoord":"98-D3","county":"Allegany","landtype":"State Forest","length":"0.7"}},{"type":"Feature","geometry":{"type":"Point","coordinates":[-77.782935,42.331238]},"properties":{"name":"Dixon Forest Road NonMoto","kind":"trail","pgcoord":"98-D3","county":"Allegany","landtype":"State Forest","length":"0.3"}},{"type":"Feature","geometry":{"type":"Point","coordinates":[-78.391101,42.372682]},"properties":{"name":"Fox Cross Forest Road","kind":"trail","pgcoord":"96-C2","county":"Cattaraugus","landtype":"State Forest","length":"2"}},{"type":"Feature","geometry":{"type":"Point","coordinates":[-77.358249,42.225106]},"properties":{"name":"Cameron Mills State Forest Multiple-Use Trail","kind":"trail","pgcoord":"82-A2","county":"Steuben","landtype":"State Forest"}},{"type":"Feature","geometry":{"type":"Point","coordinates":[-77.358249,42.225106]},"properties":{"name":"Cameron Pond Trail","kind":"trail","pgcoord":"82-A2","county":"Steuben","landtype":"State Forest","length":"0.3"}},{"type":"Feature","geometry":{"type":"Point","coordinates":[-77.358249,42.225106]},"properties":{"name":"Cameron State Forest Multiple-Use Trails","kind":"trail","pgcoord":"82-A2","county":"Steuben","landtype":"State Forest"}},{"type":"Feature","geometry":{"type":"Point","coordinates":[-77.450763,42.223299]},"properties":{"name":"Gaseline CP3 Trail","kind":"trail","pgcoord":"82-A1","county":"Steuben","landtype":"State Forest","length":"2"}},{"type":"Feature","geometry":{"type":"Point","coordinates":[-77.690659,42.333468]},"properties":{"name":"Canacadea State Forest Trails","kind":"trail","pgcoord":"99-D4","county":"Steuben","landtype":"State Forest"}},{"type":"Feature","geometry":{"type":"Point","coordinates":[-77.690659,42.333468]},"properties":{"name":"MacDuff Road","kind":"trail","pgcoord":"99-D4","county":"Steuben","landtype":"State Forest","length":"2.4"}},{"type":"Feature","geometry":{"type":"Point","coordinates":[-77.790652,42.50454]},"properties":{"name":"Canaseraga State Forest Multiple-Use Trails","kind":"trail","pgcoord":"98-A3","county":"Livingston","landtype":"State Forest"}},{"type":"Feature","geometry":{"type":"Point","coordinates":[-77.790652,42.50454]},"properties":{"name":"Left Fork Truck Trail","kind":"trail","pgcoord":"98-A3","county":"Livingston","landtype":"State Forest","length":"1.4"}},{"type":"Feature","geometry":{"type":"Point","coordinates":[-77.790652,42.50454]},"properties":{"name":"Ringelberg Truck Trail","kind":"trail","pgcoord":"98-A3","county":"Livingston","landtype":"State Forest","length":"1.5"}},{"type":"Feature","geometry":{"type":"Point","coordinates":[-77.790652,42.50454]},"properties":{"name":"Stanley Road","kind":"trail","pgcoord":"98-A3","county":"Livingston","landtype":"State Forest","length":"1"}},{"type":"Feature","geometry":{"type":"Point","coordinates":[-79.54968,42.217146]},"properties":{"name":"Hanum Forest Road","kind":"trail","pgcoord":"91-E6","county":"Chautauqua","landtype":"State Forest","length":"0.4"}},{"type":"Feature","geometry":{"type":"Point","coordinates":[-76.990221,42.290259]},"properties":{"name":"Cinnamon Lake State Forest Multiple-Use Trails","kind":"trail","pgcoord":"101-E6","county":"Schuyler","landtype":"State Forest"}},{"type":"Feature","geometry":{"type":"Point","coordinates":[-76.990221,42.290259]},"properties":{"name":"Cinnanmon Lake Trail NonMoto","kind":"trail","pgcoord":"101-E6","county":"Schuyler","landtype":"State Forest","length":"0.2"}},{"type":"Feature","geometry":{"type":"Point","coordinates":[-76.990221,42.290259]},"properties":{"name":"Hornby Forks Road/Stonemound Trail","kind":"trail","pgcoord":"101-E6","county":"Schuyler","landtype":"State Forest","length":"0.5"}},{"type":"Feature","geometry":{"type":"Point","coordinates":[-76.990221,42.290259]},"properties":{"name":"Stonemound Trail","kind":"trail","pgcoord":"101-E6","county":"Schuyler","landtype":"State Forest","length":"0.1"}},{"type":"Feature","geometry":{"type":"Point","coordinates":[-76.990221,42.290259]},"properties":{"name":"Wild Bill Trail","kind":"trail","pgcoord":"101-E6","county":"Schuyler","landtype":"State Forest","length":"0.5"}},{"type":"Feature","geometry":{"type":"Point","coordinates":[-78.212066,42.49348]},"properties":{"name":"Headwaters Forest Road","kind":"trail","pgcoord":"97-A4","county":"Allegany","landtype":"State Forest","length":"0.7"}},{"type":"Feature","geometry":{"type":"Point","coordinates":[-76.990221,42.290259]},"properties":{"name":"Coon Hollow State Forest Multiple-Use Trails","kind":"trail","pgcoord":"101-E6","county":"Schuyler","landtype":"State Forest"}},{"type":"Feature","geometry":{"type":"Point","coordinates":[-75.637355,42.363281]},"properties":{"name":"Coventry Access Trail","kind":"trail","pgcoord":"107-D4","county":"Chenango","landtype":"State Forest","length":"1.2"}},{"type":"Feature","geometry":{"type":"Point","coordinates":[-75.637355,42.363281]},"properties":{"name":"Owlville Swamp Trail","kind":"trail","pgcoord":"107-D4","county":"Chenango","landtype":"State Forest","length":"0.1"}},{"type":"Feature","geometry":{"type":"Point","coordinates":[-78.107659,42.265199]},"properties":{"name":"Blue Trail","kind":"trail","pgcoord":"97-E5","county":"Allegany","landtype":"State Forest","length":"1.6"}},{"type":"Feature","geometry":{"type":"Point","coordinates":[-78.107659,42.265199]},"properties":{"name":"Red Trail","kind":"trail","pgcoord":"97-E5","county":"Allegany","landtype":"State Forest","length":"1.6"}},{"type":"Feature","geometry":{"type":"Point","coordinates":[-78.107659,42.265199]},"properties":{"name":"Slawson Forest Road","kind":"trail","pgcoord":"97-E5","county":"Allegany","landtype":"State Forest","length":"0.7"}},{"type":"Feature","geometry":{"type":"Point","coordinates":[-78.107659,42.265199]},"properties":{"name":"Warner Forest Road","kind":"trail","pgcoord":"97-E5","county":"Allegany","landtype":"State Forest","length":"1"}},{"type":"Feature","geometry":{"type":"Point","coordinates":[-78.107659,42.265199]},"properties":{"name":"Warner Spur Forest Road","kind":"trail","pgcoord":"97-E5","county":"Allegany","landtype":"State Forest","length":"5.2"}},{"type":"Feature","geometry":{"type":"Point","coordinates":[-78.107659,42.265199]},"properties":{"name":"Yellow Trail","kind":"trail","pgcoord":"97-E5","county":"Allegany","landtype":"State Forest","length":"0.9"}},{"type":"Feature","geometry":{"type":"Point","coordinates":[-75.847043,44.154149]},"properties":{"name":"Coyote Ext. Trail","kind":"trail","pgcoord":"164-C2","county":"Jefferson","landtype":"State Forest","length":"0.2"}},{"type":"Feature","geometry":{"type":"Point","coordinates":[-75.847043,44.154149]},"properties":{"name":"Coyote Road","kind":"trail","pgcoord":"164-C2","county":"Jefferson","landtype":"State Forest","length":"1"}},{"type":"Feature","geometry":{"type":"Point","coordinates":[-76.477326,42.298012]},"properties":{"name":"Bald Hill Road","kind":"trail","pgcoord":"103-E6","county":"Tompkins","landtype":"State Forest","length":"0.5"}},{"type":"Feature","geometry":{"type":"Point","coordinates":[-76.478691,42.355781]},"properties":{"name":"Bald Hill Road North","kind":"trail","pgcoord":"103-D6","county":"Tompkins","landtype":"State Forest","length":"0.4"}},{"type":"Feature","geometry":{"type":"Point","coordinates":[-77.081013,42.230522]},"properties":{"name":"Dry Run State Forest Multiple-Use Trails","kind":"trail","pgcoord":"83-A5","county":"Steuben","landtype":"State Forest"}},{"type":"Feature","geometry":{"type":"Point","coordinates":[-77.082867,42.288438]},"properties":{"name":"Wildcat Hollow","kind":"trail","pgcoord":"101-E5","county":"Schuyler","landtype":"State Forest","length":"0.8"}},{"type":"Feature","geometry":{"type":"Point","coordinates":[-75.74356,43.519025]},"properties":{"name":"Malloy Brook Road","kind":"trail","pgcoord":"156-D3","county":"Lewis","landtype":"State Forest","length":"1.1"}},{"type":"Feature","geometry":{"type":"Point","coordinates":[-78.814646,42.417114]},"properties":{"name":"Kriedeman Forest Road","kind":"trail","pgcoord":"94-B3","county":"Cattaraugus","landtype":"State Forest","length":"5.5"}},{"type":"Feature","geometry":{"type":"Point","coordinates":[-78.814646,42.417114]},"properties":{"name":"Wildlife Access Road","kind":"trail","pgcoord":"94-B3","county":"Cattaraugus","landtype":"State Forest","length":"0.5"}},{"type":"Feature","geometry":{"type":"Point","coordinates":[-77.9737,42.442292]},"properties":{"name":"Ricketts Forest Road","kind":"trail","pgcoord":"98-B1","county":"Allegany","landtype":"State Forest","length":"0.9"}},{"type":"Feature","geometry":{"type":"Point","coordinates":[-77.079126,42.172766]},"properties":{"name":"Erwin Hollow State Forest Hiking Trail","kind":"trail","pgcoord":"83-B5","county":"Steuben","landtype":"State Forest","length":"0.5"}},{"type":"Feature","geometry":{"type":"Point","coordinates":[-76.852857,42.465717]},"properties":{"name":"Backbone Trail","kind":"trail","pgcoord":"102-B2","county":"Schuyler","landtype":"National Forest","length":"6"}},{"type":"Feature","geometry":{"type":"Point","coordinates":[-76.852857,42.465717]},"properties":{"name":"Burnt Hill Trail","kind":"trail","pgcoord":"102-B2","county":"Schuyler","landtype":"National Forest","length":"3"}},{"type":"Feature","geometry":{"type":"Point","coordinates":[-76.852857,42.465717]},"properties":{"name":"Finger Lakes Trail","kind":"trail","pgcoord":"102-B2","county":"Schuyler","landtype":"National Forest","length":"4"}},{"type":"Feature","geometry":{"type":"Point","coordinates":[-76.76318,42.582773]},"properties":{"name":"Finger Lakes Trail - Interlaken","kind":"trail","pgcoord":"118-E3","county":"Seneca","landtype":"National Forest","length":"1.9"}},{"type":"Feature","geometry":{"type":"Point","coordinates":[-76.75994,42.467118]},"properties":{"name":"Gorge Trail","kind":"trail","pgcoord":"102-B3","county":"Schuyler","landtype":"National Forest","length":"1"}},{"type":"Feature","geometry":{"type":"Point","coordinates":[-76.852857,42.465717]},"properties":{"name":"Interloken Trail","kind":"trail","pgcoord":"102-B2","county":"Schuyler","landtype":"National Forest","length":"12"}},{"type":"Feature","geometry":{"type":"Point","coordinates":[-76.852857,42.465717]},"properties":{"name":"No-Tan-Takto Trail","kind":"trail","pgcoord":"102-B2","county":"Schuyler","landtype":"National Forest","length":"5"}},{"type":"Feature","geometry":{"type":"Point","coordinates":[-76.76318,42.582773]},"properties":{"name":"No-Tan-Takto Trail NonMoto","kind":"trail","pgcoord":"118-E3","county":"Seneca","landtype":"National Forest","length":"0.7"}},{"type":"Feature","geometry":{"type":"Point","coordinates":[-76.761562,42.524887]},"properties":{"name":"Potomac Trail","kind":"trail","pgcoord":"102-A3","county":"Schuyler","landtype":"National Forest","length":"2"}},{"type":"Feature","geometry":{"type":"Point","coordinates":[-76.852857,42.465717]},"properties":{"name":"Ravine Trail","kind":"trail","pgcoord":"102-B2","county":"Schuyler","landtype":"National Forest","length":"1"}},{"type":"Feature","geometry":{"type":"Point","coordinates":[-76.852857,42.465717]},"properties":{"name":"Southslope Trail","kind":"trail","pgcoord":"102-B2","county":"Schuyler","landtype":"National Forest","length":"1"}},{"type":"Feature","geometry":{"type":"Point","coordinates":[-75.837284,43.460633]},"properties":{"name":"Access Road Off Florence Hill Road","kind":"trail","pgcoord":"156-E2","county":"Oswego","landtype":"State Forest"}},{"type":"Feature","geometry":{"type":"Point","coordinates":[-76.439415,42.818716]},"properties":{"name":"Frozen Ocean Recreation Trail","kind":"trail","pgcoord":"120-A1","county":"Cayuga","landtype":"State Forest","length":"1.7"}},{"type":"Feature","geometry":{"type":"Point","coordinates":[-77.97096,42.384503]},"properties":{"name":"Abbey Forest Road","kind":"trail","pgcoord":"98-C1","county":"Allegany","landtype":"State Forest","length":"0.4"}},{"type":"Feature","geometry":{"type":"Point","coordinates":[-77.97096,42.384503]},"properties":{"name":"Abbey Forest Road NonMoto","kind":"trail","pgcoord":"98-C1","county":"Allegany","landtype":"State Forest","length":"0.5"}},{"type":"Feature","geometry":{"type":"Point","coordinates":[-77.97096,42.384503]},"properties":{"name":"Pettit Forest Road","kind":"trail","pgcoord":"98-C1","county":"Allegany","landtype":"State Forest","length":"0.7"}},{"type":"Feature","geometry":{"type":"Point","coordinates":[-78.527039,42.253222]},"properties":{"name":"Golden Hill - Link To Fire Lane Forest Road","kind":"trail","pgcoord":"95-E6","county":"Cattaraugus","landtype":"State Forest","length":"7.4"}},{"type":"Feature","geometry":{"type":"Point","coordinates":[-78.527039,42.253222]},"properties":{"name":"Golden Hill - Whammy - Extreme Bike Loop","kind":"trail","pgcoord":"95-E6","county":"Cattaraugus","landtype":"State Forest","length":"0.5"}},{"type":"Feature","geometry":{"type":"Point","coordinates":[-78.527039,42.253222]},"properties":{"name":"Golden Hill Blue Trail","kind":"trail","pgcoord":"95-E6","county":"Cattaraugus","landtype":"State Forest","length":"2.1"}},{"type":"Feature","geometry":{"type":"Point","coordinates":[-78.527039,42.253222]},"properties":{"name":"Golden Hill Orange Trail","kind":"trail","pgcoord":"95-E6","county":"Cattaraugus","landtype":"State Forest","length":"0.6"}},{"type":"Feature","geometry":{"type":"Point","coordinates":[-78.527039,42.253222]},"properties":{"name":"Golden Hill Red Trail","kind":"trail","pgcoord":"95-E6","county":"Cattaraugus","landtype":"State Forest","length":"3.9"}},{"type":"Feature","geometry":{"type":"Point","coordinates":[-78.477368,42.254656]},"properties":{"name":"Holland Forest Road","kind":"trail","pgcoord":"96-E1","county":"Cattaraugus","landtype":"State Forest","length":"0.4"}},{"type":"Feature","geometry":{"type":"Point","coordinates":[-77.082867,42.288438]},"properties":{"name":"Goundry Hill State Forest Trails","kind":"trail","pgcoord":"101-E5","county":"Schuyler","landtype":"State Forest"}},{"type":"Feature","geometry":{"type":"Point","coordinates":[-77.084802,42.346191]},"properties":{"name":"Guern Road","kind":"trail","pgcoord":"101-D5","county":"Schuyler","landtype":"State Forest","length":"0.9"}},{"type":"Feature","geometry":{"type":"Point","coordinates":[-77.082867,42.288438]},"properties":{"name":"Guern Road Extension","kind":"trail","pgcoord":"101-E5","county":"Schuyler","landtype":"State Forest","length":"0.4"}},{"type":"Feature","geometry":{"type":"Point","coordinates":[-77.082867,42.288438]},"properties":{"name":"Guern Road Extension NonMoto","kind":"trail","pgcoord":"101-E5","county":"Schuyler","landtype":"State Forest","length":"1"}},{"type":"Feature","geometry":{"type":"Point","coordinates":[-77.084802,42.346191]},"properties":{"name":"Oneida","kind":"trail","pgcoord":"101-D5","county":"Schuyler","landtype":"State Forest","length":"2"}},{"type":"Feature","geometry":{"type":"Point","coordinates":[-77.084802,42.346191]},"properties":{"name":"Oneida NonMoto","kind":"trail","pgcoord":"101-D5","county":"Schuyler","landtype":"State Forest","length":"0.6"}},{"type":"Feature","geometry":{"type":"Point","coordinates":[-75.842146,43.807521]},"properties":{"name":"Cory Rd By-pass Trail","kind":"trail","pgcoord":"160-D2","county":"Lewis","landtype":"State Forest","length":"0.3"}},{"type":"Feature","geometry":{"type":"Point","coordinates":[-75.651898,43.75096]},"properties":{"name":"Beetree Trail","kind":"trail","pgcoord":"161-E4","county":"Lewis","landtype":"State Forest","length":"1"}},{"type":"Feature","geometry":{"type":"Point","coordinates":[-75.746429,43.75038]},"properties":{"name":"Ontoit Trail","kind":"trail","pgcoord":"160-E3","county":"Lewis","landtype":"State Forest","length":"1"}},{"type":"Feature","geometry":{"type":"Point","coordinates":[-77.683154,42.160118]},"properties":{"name":"Administrative Road","kind":"trail","pgcoord":"81-B4","county":"Steuben","landtype":"State Forest","length":"1.1"}},{"type":"Feature","geometry":{"type":"Point","coordinates":[-77.683154,42.160118]},"properties":{"name":"Greenwood State Forest Trails","kind":"trail","pgcoord":"81-B4","county":"Steuben","landtype":"State Forest"}},{"type":"Feature","geometry":{"type":"Point","coordinates":[-76.337296,42.415102]},"properties":{"name":"Hammond Hill Landing Road","kind":"trail","pgcoord":"104-C2","county":"Tompkins","landtype":"State Forest","length":"0.2"}},{"type":"Feature","geometry":{"type":"Point","coordinates":[-76.337296,42.415102]},"properties":{"name":"Hammond Hill State Forest Multiple-Use Trail System","kind":"trail","pgcoord":"104-C2","county":"Tompkins","landtype":"State Forest","length":"16"}},{"type":"Feature","geometry":{"type":"Point","coordinates":[-76.244441,42.416091]},"properties":{"name":"Red Trail Segment 1","kind":"trail","pgcoord":"104-C3","county":"Cortland","landtype":"State Forest","length":"0.3"}},{"type":"Feature","geometry":{"type":"Point","coordinates":[-76.337296,42.415102]},"properties":{"name":"Snowmo Trail","kind":"trail","pgcoord":"104-C2","county":"Tompkins","landtype":"State Forest","length":"10.3"}},{"type":"Feature","geometry":{"type":"Point","coordinates":[-76.338529,42.472888]},"properties":{"name":"Star Stanton Access Road","kind":"trail","pgcoord":"104-B2","county":"Tompkins","landtype":"State Forest","length":"0.9"}},{"type":"Feature","geometry":{"type":"Point","coordinates":[-76.244441,42.416091]},"properties":{"name":"Truck Trail 2 - Redman Run NonMoto","kind":"trail","pgcoord":"104-C3","county":"Cortland","landtype":"State Forest","length":"2.7"}},{"type":"Feature","geometry":{"type":"Point","coordinates":[-79.223461,42.229369]},"properties":{"name":"NYSRA # 9-3 NonMoto","kind":"trail","pgcoord":"93-E4","county":"Chautauqua","landtype":"State Forest","length":"8.2"}},{"type":"Feature","geometry":{"type":"Point","coordinates":[-79.131042,42.23286]},"properties":{"name":"Old Chautauqua Rd","kind":"trail","pgcoord":"93-E5","county":"Chautauqua","landtype":"State Forest","length":"1.6"}},{"type":"Feature","geometry":{"type":"Point","coordinates":[-79.223461,42.229369]},"properties":{"name":"Sprague Forest Road","kind":"trail","pgcoord":"93-E4","county":"Chautauqua","landtype":"State Forest","length":"0.8"}},{"type":"Feature","geometry":{"type":"Point","coordinates":[-76.251388,42.762921]},"properties":{"name":"Cortland 1 Public Forest Access Road","kind":"trail","pgcoord":"120-B3","county":"Cortland","landtype":"State Forest","length":"1"}},{"type":"Feature","geometry":{"type":"Point","coordinates":[-76.251388,42.762921]},"properties":{"name":"Hewitt State Forest Snowmobile Trail","kind":"trail","pgcoord":"120-B3","county":"Cortland","landtype":"State Forest","length":"3"}},{"type":"Feature","geometry":{"type":"Point","coordinates":[-79.488083,42.046047]},"properties":{"name":"Hill Higher Forest Road","kind":"trail","pgcoord":"74-C1","county":"Chautauqua","landtype":"State Forest","length":"1.2"}},{"type":"Feature","geometry":{"type":"Point","coordinates":[-76.060979,42.533638]},"properties":{"name":"Hoxie Gorge State Forest Snowmobile Trail","kind":"trail","pgcoord":"105-A5","county":"Cortland","landtype":"State Forest"}},{"type":"Feature","geometry":{"type":"Point","coordinates":[-77.280386,42.631413]},"properties":{"name":"Gaswell Road","kind":"trail","pgcoord":"116-D3","county":"Yates","landtype":"State Forest","length":"0.6"}},{"type":"Feature","geometry":{"type":"Point","coordinates":[-77.280386,42.631413]},"properties":{"name":"Italy Hill State Forest Hiking Trail","kind":"trail","pgcoord":"116-D3","county":"Yates","landtype":"State Forest"}},{"type":"Feature","geometry":{"type":"Point","coordinates":[-77.280386,42.631413]},"properties":{"name":"Italy Hill State Forest Multiple-Use Trails","kind":"trail","pgcoord":"116-D3","county":"Yates","landtype":"State Forest"}},{"type":"Feature","geometry":{"type":"Point","coordinates":[-77.280386,42.631413]},"properties":{"name":"Old Pulver Road","kind":"trail","pgcoord":"116-D3","county":"Yates","landtype":"State Forest","length":"0.9"}},{"type":"Feature","geometry":{"type":"Point","coordinates":[-77.280386,42.631413]},"properties":{"name":"Snowmobile Trail","kind":"trail","pgcoord":"116-D3","county":"Yates","landtype":"State Forest","length":"1.2"}},{"type":"Feature","geometry":{"type":"Point","coordinates":[-76.242147,42.300519]},"properties":{"name":"Blue Trail","kind":"trail","pgcoord":"104-E3","county":"Tioga","landtype":"State Forest","length":"4.8"}},{"type":"Feature","geometry":{"type":"Point","coordinates":[-76.242147,42.300519]},"properties":{"name":"Jenksville State Forest Multiple-Use Trail System","kind":"trail","pgcoord":"104-E3","county":"Tioga","landtype":"State Forest","length":"12"}},{"type":"Feature","geometry":{"type":"Point","coordinates":[-76.242147,42.300519]},"properties":{"name":"Red Trail","kind":"trail","pgcoord":"104-E3","county":"Tioga","landtype":"State Forest","length":"3.7"}},{"type":"Feature","geometry":{"type":"Point","coordinates":[-76.242147,42.300519]},"properties":{"name":"Yellow Trail","kind":"trail","pgcoord":"104-E3","county":"Tioga","landtype":"State Forest","length":"6.7"}},{"type":"Feature","geometry":{"type":"Point","coordinates":[-77.875584,42.328998]},"properties":{"name":"Scholes Forest Road","kind":"trail","pgcoord":"98-D2","county":"Allegany","landtype":"State Forest","length":"0.6"}},{"type":"Feature","geometry":{"type":"Point","coordinates":[-77.875584,42.328998]},"properties":{"name":"Davison Forest Road","kind":"trail","pgcoord":"98-D2","county":"Allegany","landtype":"State Forest","length":"1.4"}},{"type":"Feature","geometry":{"type":"Point","coordinates":[-77.875584,42.328998]},"properties":{"name":"Frungillo Forest Road","kind":"trail","pgcoord":"98-D2","county":"Allegany","landtype":"State Forest","length":"0.9"}},{"type":"Feature","geometry":{"type":"Point","coordinates":[-77.875584,42.328998]},"properties":{"name":"West Almond Maint Ctr Road","kind":"trail","pgcoord":"98-D2","county":"Allegany","landtype":"State Forest","length":"0.1"}},{"type":"Feature","geometry":{"type":"Point","coordinates":[-75.931702,43.460036]},"properties":{"name":"Indian Camp Brook Trail","kind":"trail","pgcoord":"156-E1","county":"Oswego","landtype":"State Forest","length":"1.2"}},{"type":"Feature","geometry":{"type":"Point","coordinates":[-77.87824,42.386731]},"properties":{"name":"Fitch Hill Forest Road","kind":"trail","pgcoord":"98-C2","county":"Allegany","landtype":"State Forest","length":"0.7"}},{"type":"Feature","geometry":{"type":"Point","coordinates":[-77.880897,42.44451]},"properties":{"name":"Gordon Forest Road","kind":"trail","pgcoord":"98-B2","county":"Allegany","landtype":"State Forest","length":"1.4"}},{"type":"Feature","geometry":{"type":"Point","coordinates":[-76.153023,42.474862]},"properties":{"name":"James Kennedy State Forest Trails","kind":"trail","pgcoord":"105-B4","county":"Cortland","landtype":"State Forest","length":"22"}},{"type":"Feature","geometry":{"type":"Point","coordinates":[-77.785507,42.38896]},"properties":{"name":"Bill Morris Forest Road","kind":"trail","pgcoord":"98-C3","county":"Allegany","landtype":"State Forest","length":"0.2"}},{"type":"Feature","geometry":{"type":"Point","coordinates":[-77.785507,42.38896]},"properties":{"name":"Marble Forest Road","kind":"trail","pgcoord":"98-C3","county":"Allegany","landtype":"State Forest","length":"1.1"}},{"type":"Feature","geometry":{"type":"Point","coordinates":[-75.980661,43.343988]},"properties":{"name":"Klondike Trail","kind":"trail","pgcoord":"149-B6","county":"Oswego","landtype":"State Forest","length":"1.6"}},{"type":"Feature","geometry":{"type":"Point","coordinates":[-75.659545,44.444499]},"properties":{"name":"Ala Mogin Road","kind":"trail","pgcoord":"169-C4","county":"St. Lawrence","landtype":"State Forest","length":"1.9"}},{"type":"Feature","geometry":{"type":"Point","coordinates":[-75.823259,42.419938]},"properties":{"name":"Long Pond State Forest Trails","kind":"trail","pgcoord":"106-C2","county":"Chenango","landtype":"State Forest","length":"2.6"}},{"type":"Feature","geometry":{"type":"Point","coordinates":[-75.742122,43.403338]},"properties":{"name":"Access To Private Land From Florence Hill Road","kind":"trail","pgcoord":"150-A3","county":"Oneida","landtype":"State Forest","length":"0.2"}},{"type":"Feature","geometry":{"type":"Point","coordinates":[-75.742122,43.403338]},"properties":{"name":"McSpirit Road","kind":"trail","pgcoord":"150-A3","county":"Oneida","landtype":"State Forest","length":"2.1"}},{"type":"Feature","geometry":{"type":"Point","coordinates":[-76.656769,42.063934]},"properties":{"name":"Maple Hill State Forest Multiple-Use Trails","kind":"trail","pgcoord":"85-D4","county":"Chemung","landtype":"State Forest"}},{"type":"Feature","geometry":{"type":"Point","coordinates":[-76.564387,42.065344]},"properties":{"name":"Sutton Trail","kind":"trail","pgcoord":"85-D5","county":"Chemung","landtype":"State Forest","length":"0.6"}},{"type":"Feature","geometry":{"type":"Point","coordinates":[-75.827128,42.709031]},"properties":{"name":"Link Trail","kind":"trail","pgcoord":"122-C2","county":"Chenango","landtype":"State Forest","length":"0.3"}},{"type":"Feature","geometry":{"type":"Point","coordinates":[-77.169659,42.11319]},"properties":{"name":"Bear Trail","kind":"trail","pgcoord":"83-C4","county":"Steuben","landtype":"State Forest","length":"1.2"}},{"type":"Feature","geometry":{"type":"Point","coordinates":[-77.169659,42.11319]},"properties":{"name":"Beaver Pond Trail","kind":"trail","pgcoord":"83-C4","county":"Steuben","landtype":"State Forest","length":"1.9"}},{"type":"Feature","geometry":{"type":"Point","coordinates":[-77.169659,42.11319]},"properties":{"name":"Grouse Point Trail","kind":"trail","pgcoord":"83-C4","county":"Steuben","landtype":"State Forest","length":"1.2"}},{"type":"Feature","geometry":{"type":"Point","coordinates":[-77.169659,42.11319]},"properties":{"name":"Main Access Road","kind":"trail","pgcoord":"83-C4","county":"Steuben","landtype":"State Forest","length":"1.1"}},{"type":"Feature","geometry":{"type":"Point","coordinates":[-77.169659,42.11319]},"properties":{"name":"Otter Slide Trail","kind":"trail","pgcoord":"83-C4","county":"Steuben","landtype":"State Forest","length":"0.2"}},{"type":"Feature","geometry":{"type":"Point","coordinates":[-77.169659,42.11319]},"properties":{"name":"Park Trail","kind":"trail","pgcoord":"83-C4","county":"Steuben","landtype":"State Forest","length":"0.5"}},{"type":"Feature","geometry":{"type":"Point","coordinates":[-77.169659,42.11319]},"properties":{"name":"Raccoon Trail","kind":"trail","pgcoord":"83-C4","county":"Steuben","landtype":"State Forest","length":"0.2"}},{"type":"Feature","geometry":{"type":"Point","coordinates":[-77.169659,42.11319]},"properties":{"name":"Squirrel Trail","kind":"trail","pgcoord":"83-C4","county":"Steuben","landtype":"State Forest","length":"0.4"}},{"type":"Feature","geometry":{"type":"Point","coordinates":[-77.169659,42.11319]},"properties":{"name":"White Tail Trail","kind":"trail","pgcoord":"83-C4","county":"Steuben","landtype":"State Forest","length":"0.9"}},{"type":"Feature","geometry":{"type":"Point","coordinates":[-77.169659,42.11319]},"properties":{"name":"Wood Duck Trail","kind":"trail","pgcoord":"83-C4","county":"Steuben","landtype":"State Forest","length":"0.4"}},{"type":"Feature","geometry":{"type":"Point","coordinates":[-78.712067,42.247119]},"properties":{"name":"Big Merlin","kind":"trail","pgcoord":"95-E4","county":"Cattaraugus","landtype":"State Forest","length":"3.2"}},{"type":"Feature","geometry":{"type":"Point","coordinates":[-78.712067,42.247119]},"properties":{"name":"Big Merlin Link","kind":"trail","pgcoord":"95-E4","county":"Cattaraugus","landtype":"State Forest","length":"9.5"}},{"type":"Feature","geometry":{"type":"Point","coordinates":[-78.712067,42.247119]},"properties":{"name":"Bike Trail To Anderson Blvd","kind":"trail","pgcoord":"95-E4","county":"Cattaraugus","landtype":"State Forest","length":"0.3"}},{"type":"Feature","geometry":{"type":"Point","coordinates":[-78.712067,42.247119]},"properties":{"name":"Boundary Trail","kind":"trail","pgcoord":"95-E4","county":"Cattaraugus","landtype":"State Forest","length":"0.4"}},{"type":"Feature","geometry":{"type":"Point","coordinates":[-78.712067,42.247119]},"properties":{"name":"Broadwide Landing","kind":"trail","pgcoord":"95-E4","county":"Cattaraugus","landtype":"State Forest","length":"5.8"}},{"type":"Feature","geometry":{"type":"Point","coordinates":[-78.712067,42.247119]},"properties":{"name":"Canfield Hill Forest Road","kind":"trail","pgcoord":"95-E4","county":"Cattaraugus","landtype":"State Forest","length":"0.5"}},{"type":"Feature","geometry":{"type":"Point","coordinates":[-78.712067,42.247119]},"properties":{"name":"Connector","kind":"trail","pgcoord":"95-E4","county":"Cattaraugus","landtype":"State Forest","length":"0.5"}},{"type":"Feature","geometry":{"type":"Point","coordinates":[-78.619559,42.250171]},"properties":{"name":"Dead Dog Loop","kind":"trail","pgcoord":"95-E5","county":"Cattaraugus","landtype":"State Forest","length":"1.6"}},{"type":"Feature","geometry":{"type":"Point","coordinates":[-78.619559,42.250171]},"properties":{"name":"Eagle Forest Road Haul Road","kind":"trail","pgcoord":"95-E5","county":"Cattaraugus","landtype":"State Forest","length":"0.2"}},{"type":"Feature","geometry":{"type":"Point","coordinates":[-78.619559,42.250171]},"properties":{"name":"Fitz Parcel Access Off Rt 219","kind":"trail","pgcoord":"95-E5","county":"Cattaraugus","landtype":"State Forest","length":"7.2"}},{"type":"Feature","geometry":{"type":"Point","coordinates":[-78.712067,42.247119]},"properties":{"name":"Growler","kind":"trail","pgcoord":"95-E4","county":"Cattaraugus","landtype":"State Forest","length":"0.6"}},{"type":"Feature","geometry":{"type":"Point","coordinates":[-78.712067,42.247119]},"properties":{"name":"Holiday Valley Link Trail","kind":"trail","pgcoord":"95-E4","county":"Cattaraugus","landtype":"State Forest","length":"0.2"}},{"type":"Feature","geometry":{"type":"Point","coordinates":[-78.712067,42.247119]},"properties":{"name":"McCarty Hill East Forest Road","kind":"trail","pgcoord":"95-E4","county":"Cattaraugus","landtype":"State Forest","length":"0.7"}},{"type":"Feature","geometry":{"type":"Point","coordinates":[-78.712067,42.247119]},"properties":{"name":"Mutton Hollow Link","kind":"trail","pgcoord":"95-E4","county":"Cattaraugus","landtype":"State Forest","length":"0.5"}},{"type":"Feature","geometry":{"type":"Point","coordinates":[-78.712067,42.247119]},"properties":{"name":"Porcupine Trail","kind":"trail","pgcoord":"95-E4","county":"Cattaraugus","landtype":"State Forest","length":"1.2"}},{"type":"Feature","geometry":{"type":"Point","coordinates":[-78.712067,42.247119]},"properties":{"name":"Rain Trail","kind":"trail","pgcoord":"95-E4","county":"Cattaraugus","landtype":"State Forest","length":"0.9"}},{"type":"Feature","geometry":{"type":"Point","coordinates":[-78.619559,42.250171]},"properties":{"name":"Sidewinder","kind":"trail","pgcoord":"95-E5","county":"Cattaraugus","landtype":"State Forest","length":"0.8"}},{"type":"Feature","geometry":{"type":"Point","coordinates":[-78.712067,42.247119]},"properties":{"name":"Trail Crossing Forest Road","kind":"trail","pgcoord":"95-E4","county":"Cattaraugus","landtype":"State Forest","length":"0.4"}},{"type":"Feature","geometry":{"type":"Point","coordinates":[-78.712067,42.247119]},"properties":{"name":"Yukons Lunch","kind":"trail","pgcoord":"95-E4","county":"Cattaraugus","landtype":"State Forest","length":"0.5"}},{"type":"Feature","geometry":{"type":"Point","coordinates":[-75.731086,42.478315]},"properties":{"name":"Highline Access Trail","kind":"trail","pgcoord":"106-B3","county":"Chenango","landtype":"State Forest","length":"0.7"}},{"type":"Feature","geometry":{"type":"Point","coordinates":[-75.731749,42.536118]},"properties":{"name":"Kopak Pond Handicap Accessible Trail","kind":"trail","pgcoord":"106-A3","county":"Chenango","landtype":"State Forest","length":"0.1"}},{"type":"Feature","geometry":{"type":"Point","coordinates":[-75.639104,42.536689]},"properties":{"name":"McDonough State Forest Trails","kind":"trail","pgcoord":"107-A4","county":"Chenango","landtype":"State Forest"}},{"type":"Feature","geometry":{"type":"Point","coordinates":[-77.081013,42.230522]},"properties":{"name":"Meads Creek State Forest Hiking Trails","kind":"trail","pgcoord":"83-A5","county":"Steuben","landtype":"State Forest"}},{"type":"Feature","geometry":{"type":"Point","coordinates":[-77.081013,42.230522]},"properties":{"name":"Meads Creek State Forest Multiple-Use Trails","kind":"trail","pgcoord":"83-A5","county":"Steuben","landtype":"State Forest"}},{"type":"Feature","geometry":{"type":"Point","coordinates":[-75.971467,42.765917]},"properties":{"name":"Firetower Public Forest Access Road (East-West)","kind":"trail","pgcoord":"121-B6","county":"Cortland","landtype":"State Forest","length":"0.3"}},{"type":"Feature","geometry":{"type":"Point","coordinates":[-76.065936,42.822713]},"properties":{"name":"Morgan Hill State Forest Multiple-Use Trail System","kind":"trail","pgcoord":"121-A5","county":"Onondaga","landtype":"State Forest"}},{"type":"Feature","geometry":{"type":"Point","coordinates":[-79.54968,42.217146]},"properties":{"name":"Brumagin Forest Road NonMoto","kind":"trail","pgcoord":"91-E6","county":"Chautauqua","landtype":"State Forest","length":"7.8"}},{"type":"Feature","geometry":{"type":"Point","coordinates":[-79.500128,42.218917]},"properties":{"name":"Spruce Forest Road","kind":"trail","pgcoord":"92-E1","county":"Chautauqua","landtype":"State Forest","length":"0.4"}},{"type":"Feature","geometry":{"type":"Point","coordinates":[-79.545533,42.159251]},"properties":{"name":"Well 3-3","kind":"trail","pgcoord":"73-A6","county":"Chautauqua","landtype":"State Forest","length":"0.6"}},{"type":"Feature","geometry":{"type":"Point","coordinates":[-77.269862,42.342558]},"properties":{"name":"Mount Washington Multiple Use Area Multiple-Use Trail","kind":"trail","pgcoord":"100-D3","county":"Steuben","landtype":"State Forest","length":"0.7"}},{"type":"Feature","geometry":{"type":"Point","coordinates":[-75.827894,42.766824]},"properties":{"name":"Link Trail","kind":"trail","pgcoord":"122-B2","county":"Madison","landtype":"State Forest","length":"20"}},{"type":"Feature","geometry":{"type":"Point","coordinates":[-78.520644,42.137705]},"properties":{"name":"Grouse Forest Road","kind":"trail","pgcoord":"77-B6","county":"Cattaraugus","landtype":"State Forest","length":"0.1"}},{"type":"Feature","geometry":{"type":"Point","coordinates":[-78.520644,42.137705]},"properties":{"name":"North Nine Mile Town Road","kind":"trail","pgcoord":"77-B6","county":"Cattaraugus","landtype":"State Forest","length":"0.5"}},{"type":"Feature","geometry":{"type":"Point","coordinates":[-79.492174,42.103664]},"properties":{"name":"NYSRA","kind":"trail","pgcoord":"74-B1","county":"Chautauqua","landtype":"State Forest","length":"3.8"}},{"type":"Feature","geometry":{"type":"Point","coordinates":[-79.492174,42.103664]},"properties":{"name":"Snake Forest Road","kind":"trail","pgcoord":"74-B1","county":"Chautauqua","landtype":"State Forest","length":"1"}},{"type":"Feature","geometry":{"type":"Point","coordinates":[-76.147742,42.186036]},"properties":{"name":"Blue Trail","kind":"trail","pgcoord":"87-B4","county":"Tioga","landtype":"State Forest","length":"4.4"}},{"type":"Feature","geometry":{"type":"Point","coordinates":[-76.147742,42.186036]},"properties":{"name":"Oakley Corners State Forest Multiple-Use Trail System","kind":"trail","pgcoord":"87-B4","county":"Tioga","landtype":"State Forest","length":"16"}},{"type":"Feature","geometry":{"type":"Point","coordinates":[-76.147742,42.186036]},"properties":{"name":"Oakley Pond Road","kind":"trail","pgcoord":"87-B4","county":"Tioga","landtype":"State Forest","length":"0.2"}},{"type":"Feature","geometry":{"type":"Point","coordinates":[-75.464558,44.098805]},"properties":{"name":"Lime Quarry Road","kind":"trail","pgcoord":"165-D6","county":"Lewis","landtype":"State Forest","length":"1.7"}},{"type":"Feature","geometry":{"type":"Point","coordinates":[-77.790652,42.50454]},"properties":{"name":"Back Road To Rattlesnake","kind":"trail","pgcoord":"98-A3","county":"Livingston","landtype":"State Forest","length":"0.7"}},{"type":"Feature","geometry":{"type":"Point","coordinates":[-77.790652,42.50454]},"properties":{"name":"Linzy Road Truck Trail","kind":"trail","pgcoord":"98-A3","county":"Livingston","landtype":"State Forest","length":"1.2"}},{"type":"Feature","geometry":{"type":"Point","coordinates":[-77.790652,42.50454]},"properties":{"name":"Shay Farm Road","kind":"trail","pgcoord":"98-A3","county":"Livingston","landtype":"State Forest","length":"0.1"}},{"type":"Feature","geometry":{"type":"Point","coordinates":[-77.790652,42.50454]},"properties":{"name":"Truck Trail To Nowhere","kind":"trail","pgcoord":"98-A3","county":"Livingston","landtype":"State Forest","length":"0.9"}},{"type":"Feature","geometry":{"type":"Point","coordinates":[-77.872928,42.271309]},"properties":{"name":"Palmer\u2019s Pond Forest Road","kind":"trail","pgcoord":"98-E2","county":"Allegany","landtype":"State Forest","length":"1"}},{"type":"Feature","geometry":{"type":"Point","coordinates":[-77.872928,42.271309]},"properties":{"name":"Palmer\u2019s Pond Forest Road NonMoto","kind":"trail","pgcoord":"98-E2","county":"Allegany","landtype":"State Forest","length":"0.5"}},{"type":"Feature","geometry":{"type":"Point","coordinates":[-77.875584,42.328998]},"properties":{"name":"Phillips Forest Road","kind":"trail","pgcoord":"98-D2","county":"Allegany","landtype":"State Forest","length":"0.2"}},{"type":"Feature","geometry":{"type":"Point","coordinates":[-79.488083,42.046047]},"properties":{"name":"NYSRA 4-12","kind":"trail","pgcoord":"74-C1","county":"Chautauqua","landtype":"State Forest","length":"0.2"}},{"type":"Feature","geometry":{"type":"Point","coordinates":[-75.920427,42.708453]},"properties":{"name":"Pease Hill State Forest Trails","kind":"trail","pgcoord":"122-C1","county":"Cortland","landtype":"State Forest","length":"2"}},{"type":"Feature","geometry":{"type":"Point","coordinates":[-75.733136,42.651819]},"properties":{"name":"C7A Snowmobile Trail","kind":"trail","pgcoord":"122-D3","county":"Chenango","landtype":"State Forest","length":"0.7"}},{"type":"Feature","geometry":{"type":"Point","coordinates":[-77.872928,42.271309]},"properties":{"name":"Lockwood Forest Road","kind":"trail","pgcoord":"98-E2","county":"Allegany","landtype":"State Forest","length":"0.8"}},{"type":"Feature","geometry":{"type":"Point","coordinates":[-77.274051,42.458063]},"properties":{"name":"Trail)","kind":"trail","pgcoord":"100-B3","county":"Steuben","landtype":"State Forest"}},{"type":"Feature","geometry":{"type":"Point","coordinates":[-75.747868,43.865858]},"properties":{"name":"Ball Road","kind":"trail","pgcoord":"160-C3","county":"Lewis","landtype":"State Forest","length":"0.4"}},{"type":"Feature","geometry":{"type":"Point","coordinates":[-75.842957,43.865265]},"properties":{"name":"Maltby Ext Trail","kind":"trail","pgcoord":"160-C2","county":"Jefferson","landtype":"State Forest","length":"0.5"}},{"type":"Feature","geometry":{"type":"Point","coordinates":[-78.978166,42.064876]},"properties":{"name":"Carr Corners Road","kind":"trail","pgcoord":"76-C1","county":"Cattaraugus","landtype":"State Forest","length":"1.2"}},{"type":"Feature","geometry":{"type":"Point","coordinates":[-78.978166,42.064876]},"properties":{"name":"Hotchkiss Ridge Forest Road","kind":"trail","pgcoord":"76-C1","county":"Cattaraugus","landtype":"State Forest","length":"0.4"}},{"type":"Feature","geometry":{"type":"Point","coordinates":[-78.978166,42.064876]},"properties":{"name":"New York State Horse Council Trail","kind":"trail","pgcoord":"76-C1","county":"Cattaraugus","landtype":"State Forest","length":"7.6"}},{"type":"Feature","geometry":{"type":"Point","coordinates":[-78.981749,42.122553]},"properties":{"name":"Pine Hill Forest Road","kind":"trail","pgcoord":"76-B1","county":"Cattaraugus","landtype":"State Forest","length":"0.7"}},{"type":"Feature","geometry":{"type":"Point","coordinates":[-77.962645,42.211237]},"properties":{"name":"Reddy Forest Road","kind":"trail","pgcoord":"80-A1","county":"Allegany","landtype":"State Forest","length":"2.9"}},{"type":"Feature","geometry":{"type":"Point","coordinates":[-75.658234,44.328966]},"properties":{"name":"Watson Road","kind":"trail","pgcoord":"169-E4","county":"St. Lawrence","landtype":"State Forest","length":"0.6"}},{"type":"Feature","geometry":{"type":"Point","coordinates":[-75.824002,42.477741]},"properties":{"name":"Red Brook Access Trail","kind":"trail","pgcoord":"106-B2","county":"Chenango","landtype":"State Forest","length":"0.9"}},{"type":"Feature","geometry":{"type":"Point","coordinates":[-76.244441,42.416091]},"properties":{"name":"Finger Lakes/north Country Trail","kind":"trail","pgcoord":"104-C3","county":"Cortland","landtype":"State Forest","length":"2.1"}},{"type":"Feature","geometry":{"type":"Point","coordinates":[-78.712067,42.247119]},"properties":{"name":"Anderson Blvd. Forest Road","kind":"trail","pgcoord":"95-E4","county":"Cattaraugus","landtype":"State Forest","length":"0.8"}},{"type":"Feature","geometry":{"type":"Point","coordinates":[-78.708678,42.189313]},"properties":{"name":"Bent Rim Trail","kind":"trail","pgcoord":"77-A4","county":"Cattaraugus","landtype":"State Forest","length":"1"}},{"type":"Feature","geometry":{"type":"Point","coordinates":[-78.712067,42.247119]},"properties":{"name":"Billy Goat","kind":"trail","pgcoord":"95-E4","county":"Cattaraugus","landtype":"State Forest","length":"0.5"}},{"type":"Feature","geometry":{"type":"Point","coordinates":[-78.708678,42.189313]},"properties":{"name":"Blackberry Forest Road","kind":"trail","pgcoord":"77-A4","county":"Cattaraugus","landtype":"State Forest","length":"0.3"}},{"type":"Feature","geometry":{"type":"Point","coordinates":[-78.712067,42.247119]},"properties":{"name":"Buzzards Breath","kind":"trail","pgcoord":"95-E4","county":"Cattaraugus","landtype":"State Forest","length":"0.6"}},{"type":"Feature","geometry":{"type":"Point","coordinates":[-78.712067,42.247119]},"properties":{"name":"Camp Seneca Loop Trail","kind":"trail","pgcoord":"95-E4","county":"Cattaraugus","landtype":"State Forest","length":"0.5"}},{"type":"Feature","geometry":{"type":"Point","coordinates":[-78.708678,42.189313]},"properties":{"name":"Campsite Link Trail","kind":"trail","pgcoord":"77-A4","county":"Cattaraugus","landtype":"State Forest","length":"8.9"}},{"type":"Feature","geometry":{"type":"Point","coordinates":[-78.708678,42.189313]},"properties":{"name":"Campsite Road","kind":"trail","pgcoord":"77-A4","county":"Cattaraugus","landtype":"State Forest","length":"5.5"}},{"type":"Feature","geometry":{"type":"Point","coordinates":[-78.712067,42.247119]},"properties":{"name":"CCC Forest Road","kind":"trail","pgcoord":"95-E4","county":"Cattaraugus","landtype":"State Forest","length":"0.3"}},{"type":"Feature","geometry":{"type":"Point","coordinates":[-78.708678,42.189313]},"properties":{"name":"Four Rocks Trail","kind":"trail","pgcoord":"77-A4","county":"Cattaraugus","landtype":"State Forest","length":"0.7"}},{"type":"Feature","geometry":{"type":"Point","coordinates":[-78.712067,42.247119]},"properties":{"name":"Great Valley Storage Forest Road","kind":"trail","pgcoord":"95-E4","county":"Cattaraugus","landtype":"State Forest","length":"0.2"}},{"type":"Feature","geometry":{"type":"Point","coordinates":[-78.708678,42.189313]},"properties":{"name":"Hale Road Trail","kind":"trail","pgcoord":"77-A4","county":"Cattaraugus","landtype":"State Forest","length":"1"}},{"type":"Feature","geometry":{"type":"Point","coordinates":[-78.708678,42.189313]},"properties":{"name":"Hale Road Trail/Blackberry Trail Link","kind":"trail","pgcoord":"77-A4","county":"Cattaraugus","landtype":"State Forest","length":"0.2"}},{"type":"Feature","geometry":{"type":"Point","coordinates":[-78.712067,42.247119]},"properties":{"name":"Little Rock City Forest Road","kind":"trail","pgcoord":"95-E4","county":"Cattaraugus","landtype":"State Forest","length":"2"}},{"type":"Feature","geometry":{"type":"Point","coordinates":[-78.712067,42.247119]},"properties":{"name":"Middle Pale Ale Trail","kind":"trail","pgcoord":"95-E4","county":"Cattaraugus","landtype":"State Forest","length":"0.7"}},{"type":"Feature","geometry":{"type":"Point","coordinates":[-78.712067,42.247119]},"properties":{"name":"Mutton Hollow Trail","kind":"trail","pgcoord":"95-E4","county":"Cattaraugus","landtype":"State Forest","length":"1.5"}},{"type":"Feature","geometry":{"type":"Point","coordinates":[-78.712067,42.247119]},"properties":{"name":"North Country Trail/ Finger Lakes Trail","kind":"trail","pgcoord":"95-E4","county":"Cattaraugus","landtype":"State Forest","length":"1.9"}},{"type":"Feature","geometry":{"type":"Point","coordinates":[-78.712067,42.247119]},"properties":{"name":"North Pale Ale Trail","kind":"trail","pgcoord":"95-E4","county":"Cattaraugus","landtype":"State Forest","length":"0.2"}},{"type":"Feature","geometry":{"type":"Point","coordinates":[-78.712067,42.247119]},"properties":{"name":"Rim Trail","kind":"trail","pgcoord":"95-E4","county":"Cattaraugus","landtype":"State Forest","length":"1.5"}},{"type":"Feature","geometry":{"type":"Point","coordinates":[-78.708678,42.189313]},"properties":{"name":"Salamanca Forest Road","kind":"trail","pgcoord":"77-A4","county":"Cattaraugus","landtype":"State Forest","length":"0.5"}},{"type":"Feature","geometry":{"type":"Point","coordinates":[-78.712067,42.247119]},"properties":{"name":"South Pale Ale Trail","kind":"trail","pgcoord":"95-E4","county":"Cattaraugus","landtype":"State Forest","length":"1"}},{"type":"Feature","geometry":{"type":"Point","coordinates":[-77.683154,42.160118]},"properties":{"name":"Admin Access Road","kind":"trail","pgcoord":"81-B4","county":"Steuben","landtype":"State Forest","length":"0.8"}},{"type":"Feature","geometry":{"type":"Point","coordinates":[-77.683154,42.160118]},"properties":{"name":"Rock Creek State Forest Multiple-Use Trail","kind":"trail","pgcoord":"81-B4","county":"Steuben","landtype":"State Forest"}},{"type":"Feature","geometry":{"type":"Point","coordinates":[-77.683154,42.160118]},"properties":{"name":"Wellhead Access","kind":"trail","pgcoord":"81-B4","county":"Steuben","landtype":"State Forest","length":"0.3"}},{"type":"Feature","geometry":{"type":"Point","coordinates":[-78.206145,42.377983]},"properties":{"name":"Russell Forest Road","kind":"trail","pgcoord":"97-C4","county":"Allegany","landtype":"State Forest","length":"0.9"}},{"type":"Feature","geometry":{"type":"Point","coordinates":[-77.78808,42.446728]},"properties":{"name":"Oberdorf Forest Road","kind":"trail","pgcoord":"98-B3","county":"Allegany","landtype":"State Forest","length":"2.1"}},{"type":"Feature","geometry":{"type":"Point","coordinates":[-77.798301,42.677763]},"properties":{"name":"Shaker Access Road","kind":"trail","pgcoord":"114-C3","county":"Livingston","landtype":"State Forest","length":"1.9"}},{"type":"Feature","geometry":{"type":"Point","coordinates":[-77.798301,42.677763]},"properties":{"name":"Sonyea State Forest Multiple-Use Trail","kind":"trail","pgcoord":"114-C3","county":"Livingston","landtype":"State Forest"}},{"type":"Feature","geometry":{"type":"Point","coordinates":[-77.798301,42.677763]},"properties":{"name":"Toad Fest Trail","kind":"trail","pgcoord":"114-C3","county":"Livingston","landtype":"State Forest","length":"0.3"}},{"type":"Feature","geometry":{"type":"Point","coordinates":[-77.082867,42.288438]},"properties":{"name":"CCC Road","kind":"trail","pgcoord":"101-E5","county":"Schuyler","landtype":"State Forest","length":"1.7"}},{"type":"Feature","geometry":{"type":"Point","coordinates":[-77.082867,42.288438]},"properties":{"name":"Cotton Hanlon Access Road","kind":"trail","pgcoord":"101-E5","county":"Schuyler","landtype":"State Forest","length":"0.7"}},{"type":"Feature","geometry":{"type":"Point","coordinates":[-77.082867,42.288438]},"properties":{"name":"Dennis Road Trail","kind":"trail","pgcoord":"101-E5","county":"Schuyler","landtype":"State Forest","length":"1.2"}},{"type":"Feature","geometry":{"type":"Point","coordinates":[-77.082867,42.288438]},"properties":{"name":"South Bradford State Forest Trails","kind":"trail","pgcoord":"101-E5","county":"Schuyler","landtype":"State Forest"}},{"type":"Feature","geometry":{"type":"Point","coordinates":[-78.974583,42.0072]},"properties":{"name":"Grirbin Forest Road","kind":"trail","pgcoord":"76-D1","county":"Cattaraugus","landtype":"State Forest","length":"0.5"}},{"type":"Feature","geometry":{"type":"Point","coordinates":[-79.41184,42.280058]},"properties":{"name":"Blackman Forest Road","kind":"trail","pgcoord":"92-D2","county":"Chautauqua","landtype":"State Forest","length":"1.4"}},{"type":"Feature","geometry":{"type":"Point","coordinates":[-75.834112,43.229382]},"properties":{"name":"A-24 Access Road","kind":"trail","pgcoord":"150-D2","county":"Oneida","landtype":"State Forest","length":"6"}},{"type":"Feature","geometry":{"type":"Point","coordinates":[-75.834902,43.28717]},"properties":{"name":"A-7 Access Road","kind":"trail","pgcoord":"150-C2","county":"Oneida","landtype":"State Forest","length":"0.6"}},{"type":"Feature","geometry":{"type":"Point","coordinates":[-75.834112,43.229382]},"properties":{"name":"Access Road To Pond","kind":"trail","pgcoord":"150-D2","county":"Oneida","landtype":"State Forest","length":"0.4"}},{"type":"Feature","geometry":{"type":"Point","coordinates":[-75.834112,43.229382]},"properties":{"name":"Road To Gravel Pit","kind":"trail","pgcoord":"150-D2","county":"Oneida","landtype":"State Forest","length":"7.3"}},{"type":"Feature","geometry":{"type":"Point","coordinates":[-76.992076,42.348011]},"properties":{"name":"A Trail","kind":"trail","pgcoord":"101-D6","county":"Schuyler","landtype":"State Forest","length":"0.2"}},{"type":"Feature","geometry":{"type":"Point","coordinates":[-76.992076,42.348011]},"properties":{"name":"A Trail NonMoto","kind":"trail","pgcoord":"101-D6","county":"Schuyler","landtype":"State Forest","length":"3.2"}},{"type":"Feature","geometry":{"type":"Point","coordinates":[-76.993931,42.405764]},"properties":{"name":"Cayuga","kind":"trail","pgcoord":"101-C6","county":"Schuyler","landtype":"State Forest","length":"0.9"}},{"type":"Feature","geometry":{"type":"Point","coordinates":[-77.084802,42.346191]},"properties":{"name":"D Trail","kind":"trail","pgcoord":"101-D5","county":"Schuyler","landtype":"State Forest","length":"1.2"}},{"type":"Feature","geometry":{"type":"Point","coordinates":[-77.084802,42.346191]},"properties":{"name":"D Trail NonMoto","kind":"trail","pgcoord":"101-D5","county":"Schuyler","landtype":"State Forest","length":"1.3"}},{"type":"Feature","geometry":{"type":"Point","coordinates":[-76.993931,42.405764]},"properties":{"name":"Firetower Access Road","kind":"trail","pgcoord":"101-C6","county":"Schuyler","landtype":"State Forest","length":"0.5"}},{"type":"Feature","geometry":{"type":"Point","coordinates":[-76.992076,42.348011]},"properties":{"name":"Maple Lane","kind":"trail","pgcoord":"101-D6","county":"Schuyler","landtype":"State Forest","length":"6.7"}},{"type":"Feature","geometry":{"type":"Point","coordinates":[-76.992076,42.348011]},"properties":{"name":"Mohawk","kind":"trail","pgcoord":"101-D6","county":"Schuyler","landtype":"State Forest","length":"2.1"}},{"type":"Feature","geometry":{"type":"Point","coordinates":[-76.992076,42.348011]},"properties":{"name":"Mohawk NonMoto","kind":"trail","pgcoord":"101-D6","county":"Schuyler","landtype":"State Forest","length":"2"}},{"type":"Feature","geometry":{"type":"Point","coordinates":[-76.992076,42.348011]},"properties":{"name":"Old Westerfield Road","kind":"trail","pgcoord":"101-D6","county":"Schuyler","landtype":"State Forest","length":"0.7"}},{"type":"Feature","geometry":{"type":"Point","coordinates":[-76.993931,42.405764]},"properties":{"name":"Onondaga","kind":"trail","pgcoord":"101-C6","county":"Schuyler","landtype":"State Forest","length":"0.1"}},{"type":"Feature","geometry":{"type":"Point","coordinates":[-76.993931,42.405764]},"properties":{"name":"Onondaga NonMoto","kind":"trail","pgcoord":"101-C6","county":"Schuyler","landtype":"State Forest","length":"0.7"}},{"type":"Feature","geometry":{"type":"Point","coordinates":[-76.993931,42.405764]},"properties":{"name":"Seneca","kind":"trail","pgcoord":"101-C6","county":"Schuyler","landtype":"State Forest","length":"0.1"}},{"type":"Feature","geometry":{"type":"Point","coordinates":[-76.993931,42.405764]},"properties":{"name":"Seneca NonMoto","kind":"trail","pgcoord":"101-C6","county":"Schuyler","landtype":"State Forest","length":"0.2"}},{"type":"Feature","geometry":{"type":"Point","coordinates":[-76.992076,42.348011]},"properties":{"name":"Six Nations Recreation Trail System","kind":"trail","pgcoord":"101-D6","county":"Schuyler","landtype":"State Forest","length":"40"}},{"type":"Feature","geometry":{"type":"Point","coordinates":[-76.992076,42.348011]},"properties":{"name":"Wellhead Access","kind":"trail","pgcoord":"101-D6","county":"Schuyler","landtype":"State Forest","length":"0.3"}},{"type":"Feature","geometry":{"type":"Point","coordinates":[-76.343499,42.704134]},"properties":{"name":"Dumplin Hill Road","kind":"trail","pgcoord":"120-C2","county":"Cayuga","landtype":"State Forest","length":"0.5"}},{"type":"Feature","geometry":{"type":"Point","coordinates":[-75.969651,42.650342]},"properties":{"name":"Taylor Valley State Forest Snowmobile Trails","kind":"trail","pgcoord":"121-D6","county":"Cortland","landtype":"State Forest"}},{"type":"Feature","geometry":{"type":"Point","coordinates":[-76.758319,42.409349]},"properties":{"name":"Texas Hollow State Forest Hiking Trail","kind":"trail","pgcoord":"102-C3","county":"Schuyler","landtype":"State Forest","length":"1.4"}},{"type":"Feature","geometry":{"type":"Point","coordinates":[-76.758319,42.409349]},"properties":{"name":"Texas Hollow State Forest Multiple-Use Trail","kind":"trail","pgcoord":"102-C3","county":"Schuyler","landtype":"State Forest","length":"0.9"}},{"type":"Feature","geometry":{"type":"Point","coordinates":[-77.356121,42.167372]},"properties":{"name":"Longview Trail","kind":"trail","pgcoord":"82-B2","county":"Steuben","landtype":"State Forest","length":"1.2"}},{"type":"Feature","geometry":{"type":"Point","coordinates":[-75.742845,43.46123]},"properties":{"name":"Flanagan Road","kind":"trail","pgcoord":"156-E3","county":"Oneida","landtype":"State Forest","length":"0.5"}},{"type":"Feature","geometry":{"type":"Point","coordinates":[-75.742845,43.46123]},"properties":{"name":"Flanagan Road Extension","kind":"trail","pgcoord":"156-E3","county":"Oneida","landtype":"State Forest","length":"0.6"}},{"type":"Feature","geometry":{"type":"Point","coordinates":[-75.742845,43.46123]},"properties":{"name":"Flanagan Road NonMoto","kind":"trail","pgcoord":"156-E3","county":"Oneida","landtype":"State Forest","length":"3.1"}},{"type":"Feature","geometry":{"type":"Point","coordinates":[-75.747149,43.808109]},"properties":{"name":"Borland Ext Road","kind":"trail","pgcoord":"160-D3","county":"Lewis","landtype":"State Forest","length":"0.3"}},{"type":"Feature","geometry":{"type":"Point","coordinates":[-75.842957,43.865265]},"properties":{"name":"Chickadee Trail","kind":"trail","pgcoord":"160-C2","county":"Jefferson","landtype":"State Forest","length":"0.2"}},{"type":"Feature","geometry":{"type":"Point","coordinates":[-75.842146,43.807521]},"properties":{"name":"Cigar Trail","kind":"trail","pgcoord":"160-D2","county":"Lewis","landtype":"State Forest","length":"0.4"}},{"type":"Feature","geometry":{"type":"Point","coordinates":[-75.841335,43.749797]},"properties":{"name":"Clydes Road","kind":"trail","pgcoord":"160-E2","county":"Jefferson","landtype":"State Forest","length":"0.6"}},{"type":"Feature","geometry":{"type":"Point","coordinates":[-75.842146,43.807521]},"properties":{"name":"Cross-Over Trail","kind":"trail","pgcoord":"160-D2","county":"Lewis","landtype":"State Forest","length":"0.3"}},{"type":"Feature","geometry":{"type":"Point","coordinates":[-75.842146,43.807521]},"properties":{"name":"Electric Loop Trail","kind":"trail","pgcoord":"160-D2","county":"Lewis","landtype":"State Forest","length":"2.3"}},{"type":"Feature","geometry":{"type":"Point","coordinates":[-75.842146,43.807521]},"properties":{"name":"Explorer Trail","kind":"trail","pgcoord":"160-D2","county":"Lewis","landtype":"State Forest","length":"1.8"}},{"type":"Feature","geometry":{"type":"Point","coordinates":[-75.842146,43.807521]},"properties":{"name":"Home Run Road","kind":"trail","pgcoord":"160-D2","county":"Lewis","landtype":"State Forest","length":"0.6"}},{"type":"Feature","geometry":{"type":"Point","coordinates":[-75.842146,43.807521]},"properties":{"name":"Home Run Trail","kind":"trail","pgcoord":"160-D2","county":"Lewis","landtype":"State Forest","length":"0.4"}},{"type":"Feature","geometry":{"type":"Point","coordinates":[-75.842146,43.807521]},"properties":{"name":"Inman Glide Trail","kind":"trail","pgcoord":"160-D2","county":"Lewis","landtype":"State Forest","length":"1.8"}},{"type":"Feature","geometry":{"type":"Point","coordinates":[-75.842957,43.865265]},"properties":{"name":"John\u2019s Ridge Trail","kind":"trail","pgcoord":"160-C2","county":"Jefferson","landtype":"State Forest","length":"0.3"}},{"type":"Feature","geometry":{"type":"Point","coordinates":[-75.842957,43.865265]},"properties":{"name":"John Link Trail","kind":"trail","pgcoord":"160-C2","county":"Jefferson","landtype":"State Forest","length":"0.4"}},{"type":"Feature","geometry":{"type":"Point","coordinates":[-75.842957,43.865265]},"properties":{"name":"John Young Trail","kind":"trail","pgcoord":"160-C2","county":"Jefferson","landtype":"State Forest","length":"0.9"}},{"type":"Feature","geometry":{"type":"Point","coordinates":[-75.842146,43.807521]},"properties":{"name":"Link Up Trail","kind":"trail","pgcoord":"160-D2","county":"Lewis","landtype":"State Forest","length":"2.6"}},{"type":"Feature","geometry":{"type":"Point","coordinates":[-75.747149,43.808109]},"properties":{"name":"McGowan Link Trail","kind":"trail","pgcoord":"160-D3","county":"Lewis","landtype":"State Forest","length":"0.4"}},{"type":"Feature","geometry":{"type":"Point","coordinates":[-75.842146,43.807521]},"properties":{"name":"Mile Strip Road","kind":"trail","pgcoord":"160-D2","county":"Lewis","landtype":"State Forest","length":"0.7"}},{"type":"Feature","geometry":{"type":"Point","coordinates":[-75.842957,43.865265]},"properties":{"name":"Oak Rim Trail","kind":"trail","pgcoord":"160-C2","county":"Jefferson","landtype":"State Forest","length":"2.2"}},{"type":"Feature","geometry":{"type":"Point","coordinates":[-75.842146,43.807521]},"properties":{"name":"Snowbird Trail","kind":"trail","pgcoord":"160-D2","county":"Lewis","landtype":"State Forest","length":"1.7"}},{"type":"Feature","geometry":{"type":"Point","coordinates":[-75.841335,43.749797]},"properties":{"name":"Thompson Trail","kind":"trail","pgcoord":"160-E2","county":"Jefferson","landtype":"State Forest","length":"0.4"}},{"type":"Feature","geometry":{"type":"Point","coordinates":[-75.842146,43.807521]},"properties":{"name":"Whiteway Trail","kind":"trail","pgcoord":"160-D2","county":"Lewis","landtype":"State Forest","length":"1.9"}},{"type":"Feature","geometry":{"type":"Point","coordinates":[-75.842146,43.807521]},"properties":{"name":"Zigzag Trail","kind":"trail","pgcoord":"160-D2","county":"Lewis","landtype":"State Forest","length":"0.8"}},{"type":"Feature","geometry":{"type":"Point","coordinates":[-76.154086,42.532648]},"properties":{"name":"Tuller Hill State Forest Multiple-Use Trail System","kind":"trail","pgcoord":"105-A4","county":"Cortland","landtype":"State Forest","length":"12"}},{"type":"Feature","geometry":{"type":"Point","coordinates":[-77.590637,42.162331]},"properties":{"name":"Turkey Ridge State Forest Multiple-Use Trail","kind":"trail","pgcoord":"81-B5","county":"Steuben","landtype":"State Forest"}},{"type":"Feature","geometry":{"type":"Point","coordinates":[-77.590637,42.162331]},"properties":{"name":"Turkey Road","kind":"trail","pgcoord":"81-B5","county":"Steuben","landtype":"State Forest","length":"0.7"}},{"type":"Feature","geometry":{"type":"Point","coordinates":[-77.872928,42.271309]},"properties":{"name":"Decker Forest Road","kind":"trail","pgcoord":"98-E2","county":"Allegany","landtype":"State Forest","length":"0.8"}},{"type":"Feature","geometry":{"type":"Point","coordinates":[-77.872928,42.271309]},"properties":{"name":"Geitner Forest Road","kind":"trail","pgcoord":"98-E2","county":"Allegany","landtype":"State Forest","length":"0.6"}},{"type":"Feature","geometry":{"type":"Point","coordinates":[-77.782935,42.331238]},"properties":{"name":"Turnpike Forest Road","kind":"trail","pgcoord":"98-D3","county":"Allegany","landtype":"State Forest","length":"2.2"}},{"type":"Feature","geometry":{"type":"Point","coordinates":[-77.274051,42.458063]},"properties":{"name":"BHB Trail","kind":"trail","pgcoord":"100-B3","county":"Steuben","landtype":"State Forest","length":"2.7"}},{"type":"Feature","geometry":{"type":"Point","coordinates":[-77.274051,42.458063]},"properties":{"name":"Side Trail","kind":"trail","pgcoord":"100-B3","county":"Steuben","landtype":"State Forest","length":"1.2"}},{"type":"Feature","geometry":{"type":"Point","coordinates":[-77.274051,42.458063]},"properties":{"name":"Urbana State Forest Hiking Trail (Finger Lakes Trail)","kind":"trail","pgcoord":"100-B3","county":"Steuben","landtype":"State Forest"}},{"type":"Feature","geometry":{"type":"Point","coordinates":[-77.870186,42.213449]},"properties":{"name":"Allen Forest Road","kind":"trail","pgcoord":"80-A2","county":"Allegany","landtype":"State Forest","length":"1.1"}},{"type":"Feature","geometry":{"type":"Point","coordinates":[-77.870186,42.213449]},"properties":{"name":"Bird Forest Road","kind":"trail","pgcoord":"80-A2","county":"Allegany","landtype":"State Forest","length":"1.5"}},{"type":"Feature","geometry":{"type":"Point","coordinates":[-79.492174,42.103664]},"properties":{"name":"Whalen Forest Road","kind":"trail","pgcoord":"74-B1","county":"Chautauqua","landtype":"State Forest","length":"1.6"}},{"type":"Feature","geometry":{"type":"Point","coordinates":[-75.986358,43.69083]},"properties":{"name":"Adsit Trail","kind":"trail","pgcoord":"155-A6","county":"Oswego","landtype":"State Forest","length":"0.3"}},{"type":"Feature","geometry":{"type":"Point","coordinates":[-75.935306,43.691214]},"properties":{"name":"Alice\u2019s Alley Trail","kind":"trail","pgcoord":"156-A1","county":"Oswego","landtype":"State Forest","length":"2.5"}},{"type":"Feature","geometry":{"type":"Point","coordinates":[-75.986358,43.69083]},"properties":{"name":"Backus Bend Trail","kind":"trail","pgcoord":"155-A6","county":"Oswego","landtype":"State Forest","length":"2.6"}},{"type":"Feature","geometry":{"type":"Point","coordinates":[-75.986358,43.69083]},"properties":{"name":"Bills Belly Trail","kind":"trail","pgcoord":"155-A6","county":"Oswego","landtype":"State Forest","length":"1.9"}},{"type":"Feature","geometry":{"type":"Point","coordinates":[-75.935306,43.691214]},"properties":{"name":"Dog Leg Trail","kind":"trail","pgcoord":"156-A1","county":"Oswego","landtype":"State Forest","length":"1.2"}},{"type":"Feature","geometry":{"type":"Point","coordinates":[-75.935306,43.691214]},"properties":{"name":"Franks Fancy Trail","kind":"trail","pgcoord":"156-A1","county":"Oswego","landtype":"State Forest","length":"1.5"}},{"type":"Feature","geometry":{"type":"Point","coordinates":[-75.935306,43.691214]},"properties":{"name":"Hessel Road","kind":"trail","pgcoord":"156-A1","county":"Oswego","landtype":"State Forest","length":"0.4"}},{"type":"Feature","geometry":{"type":"Point","coordinates":[-75.935306,43.691214]},"properties":{"name":"Hiscock Ext Road","kind":"trail","pgcoord":"156-A1","county":"Oswego","landtype":"State Forest","length":"0.2"}},{"type":"Feature","geometry":{"type":"Point","coordinates":[-75.986358,43.69083]},"properties":{"name":"Hiscock Trail","kind":"trail","pgcoord":"155-A6","county":"Oswego","landtype":"State Forest","length":"1.7"}},{"type":"Feature","geometry":{"type":"Point","coordinates":[-75.986358,43.69083]},"properties":{"name":"Jimmys Jaunt Trail","kind":"trail","pgcoord":"155-A6","county":"Oswego","landtype":"State Forest","length":"0.7"}},{"type":"Feature","geometry":{"type":"Point","coordinates":[-75.935306,43.691214]},"properties":{"name":"Raspberry Trail","kind":"trail","pgcoord":"156-A1","county":"Oswego","landtype":"State Forest","length":"1.9"}},{"type":"Feature","geometry":{"type":"Point","coordinates":[-75.935306,43.691214]},"properties":{"name":"Sally\u2019s Ride Trail","kind":"trail","pgcoord":"156-A1","county":"Oswego","landtype":"State Forest","length":"0.4"}},{"type":"Feature","geometry":{"type":"Point","coordinates":[-75.986358,43.69083]},"properties":{"name":"Skinner Creek Trail","kind":"trail","pgcoord":"155-A6","county":"Oswego","landtype":"State Forest","length":"0.8"}},{"type":"Feature","geometry":{"type":"Point","coordinates":[-75.935306,43.691214]},"properties":{"name":"Sycopath Trail","kind":"trail","pgcoord":"156-A1","county":"Oswego","landtype":"State Forest","length":"0.9"}},{"type":"Feature","geometry":{"type":"Point","coordinates":[-75.935306,43.691214]},"properties":{"name":"Tail Trail","kind":"trail","pgcoord":"156-A1","county":"Oswego","landtype":"State Forest","length":"0.5"}},{"type":"Feature","geometry":{"type":"Point","coordinates":[-75.935306,43.691214]},"properties":{"name":"Teds Turn Trail","kind":"trail","pgcoord":"156-A1","county":"Oswego","landtype":"State Forest","length":"0.6"}},{"type":"Feature","geometry":{"type":"Point","coordinates":[-75.986358,43.69083]},"properties":{"name":"Tie Trail","kind":"trail","pgcoord":"155-A6","county":"Oswego","landtype":"State Forest","length":"0.3"}},{"type":"Feature","geometry":{"type":"Point","coordinates":[-75.986358,43.69083]},"properties":{"name":"Winona Way Trail","kind":"trail","pgcoord":"155-A6","county":"Oswego","landtype":"State Forest","length":"4.9"}},{"type":"Feature","geometry":{"type":"Point","coordinates":[-78.814646,42.417114]},"properties":{"name":"Darling Access","kind":"trail","pgcoord":"94-B3","county":"Cattaraugus","landtype":"Other","length":"0.2"}},{"type":"Feature","geometry":{"type":"Point","coordinates":[-78.818154,42.474764]},"properties":{"name":"Holcomb Pond Trail","kind":"trail","pgcoord":"94-A3","county":"Erie","landtype":"Other","length":"2.1"}},{"type":"Feature","geometry":{"type":"Point","coordinates":[-78.910913,42.47169]},"properties":{"name":"Ross Access","kind":"trail","pgcoord":"94-A2","county":"Erie","landtype":"Other","length":"3.4"}},{"type":"Feature","geometry":{"type":"Point","coordinates":[-76.18402,44.093447]},"properties":{"name":"Danc Trail","kind":"trail","pgcoord":"163-D4","county":"Jefferson","landtype":"WMA","length":"1.6"}},{"type":"Feature","geometry":{"type":"Point","coordinates":[-76.178309,43.804493]},"properties":{"name":"Black Pond Road","kind":"trail","pgcoord":"159-D4","county":"Jefferson","landtype":"WMA","length":"0.5"}},{"type":"Feature","geometry":{"type":"Point","coordinates":[-76.272903,43.803442]},"properties":{"name":"Black Pond Trail","kind":"trail","pgcoord":"158-D3","county":"Jefferson","landtype":"WMA","length":"0.4"}},{"type":"Feature","geometry":{"type":"Point","coordinates":[-76.178309,43.804493]},"properties":{"name":"Black Pond Unimproved Trail","kind":"trail","pgcoord":"159-D4","county":"Jefferson","landtype":"WMA","length":"0.9"}},{"type":"Feature","geometry":{"type":"Point","coordinates":[-79.231248,42.344673]},"properties":{"name":"Canadaway Creek WMA Trails","kind":"trail","pgcoord":"93-C4","county":"Chautauqua","landtype":"WMA"}},{"type":"Feature","geometry":{"type":"Point","coordinates":[-77.708024,42.737736]},"properties":{"name":"Conesus Inlet WMA Trails","kind":"trail","pgcoord":"115-B4","county":"Livingston","landtype":"WMA"}},{"type":"Feature","geometry":{"type":"Point","coordinates":[-76.664332,42.352976]},"properties":{"name":"Connecticut Hill State Wildlife Mgmt Area Trails","kind":"trail","pgcoord":"103-D4","county":"Tompkins","landtype":"WMA","length":"17"}},{"type":"Feature","geometry":{"type":"Point","coordinates":[-77.169659,42.11319]},"properties":{"name":"Erwin Mountain State Forest Multiple-Use Trails","kind":"trail","pgcoord":"83-C4","county":"Steuben","landtype":"WMA"}},{"type":"Feature","geometry":{"type":"Point","coordinates":[-77.171627,42.170965]},"properties":{"name":"Erwin WMA Trails","kind":"trail","pgcoord":"83-B4","county":"Steuben","landtype":"WMA","length":"4.9"}},{"type":"Feature","geometry":{"type":"Point","coordinates":[-76.871887,43.101389]},"properties":{"name":"Galen WMA Trails","kind":"trail","pgcoord":"132-A2","county":"Wayne","landtype":"WMA"}},{"type":"Feature","geometry":{"type":"Point","coordinates":[-76.165974,43.168623]},"properties":{"name":"Hamlin Marsh WMA Trails","kind":"trail","pgcoord":"149-E4","county":"Onondaga","landtype":"WMA"}},{"type":"Feature","geometry":{"type":"Point","coordinates":[-78.295389,42.317626]},"properties":{"name":"Hanging Bog WMA Trails","kind":"trail","pgcoord":"96-D3","county":"Allegany","landtype":"WMA"}},{"type":"Feature","geometry":{"type":"Point","coordinates":[-75.931702,43.460036]},"properties":{"name":"Happy Valley WMA Trails","kind":"trail","pgcoord":"156-E1","county":"Oswego","landtype":"WMA"}},{"type":"Feature","geometry":{"type":"Point","coordinates":[-77.373519,42.629577]},"properties":{"name":"BHB Trail","kind":"trail","pgcoord":"116-D2","county":"Ontario","landtype":"WMA","length":"2.2"}},{"type":"Feature","geometry":{"type":"Point","coordinates":[-77.373519,42.629577]},"properties":{"name":"High Tor WMA Trails","kind":"trail","pgcoord":"116-D2","county":"Ontario","landtype":"WMA"}},{"type":"Feature","geometry":{"type":"Point","coordinates":[-77.373519,42.629577]},"properties":{"name":"Lehigh Valley Rail Trail (Naples Section)","kind":"trail","pgcoord":"116-D2","county":"Ontario","landtype":"WMA","length":"3.1"}},{"type":"Feature","geometry":{"type":"Point","coordinates":[-77.282503,42.68915]},"properties":{"name":"Lehigh Valley Rail Trail (Yates Co. Section)","kind":"trail","pgcoord":"116-C3","county":"Yates","landtype":"WMA","length":"5.3"}},{"type":"Feature","geometry":{"type":"Point","coordinates":[-77.373519,42.629577]},"properties":{"name":"Side Trail","kind":"trail","pgcoord":"116-D2","county":"Ontario","landtype":"WMA","length":"3"}},{"type":"Feature","geometry":{"type":"Point","coordinates":[-76.177176,43.746768]},"properties":{"name":"Big Beech Trail","kind":"trail","pgcoord":"159-E4","county":"Jefferson","landtype":"WMA","length":"0.7"}},{"type":"Feature","geometry":{"type":"Point","coordinates":[-76.177176,43.746768]},"properties":{"name":"Big Dead Maple Trail","kind":"trail","pgcoord":"159-E4","county":"Jefferson","landtype":"WMA","length":"0.7"}},{"type":"Feature","geometry":{"type":"Point","coordinates":[-76.177176,43.746768]},"properties":{"name":"Big Oak Trail","kind":"trail","pgcoord":"159-E4","county":"Jefferson","landtype":"WMA","length":"1"}},{"type":"Feature","geometry":{"type":"Point","coordinates":[-76.176026,43.688769]},"properties":{"name":"Colwell Pond Road","kind":"trail","pgcoord":"155-A4","county":"Jefferson","landtype":"WMA","length":"0.3"}},{"type":"Feature","geometry":{"type":"Point","coordinates":[-76.176026,43.688769]},"properties":{"name":"Goose Pond Canal Road","kind":"trail","pgcoord":"155-A4","county":"Jefferson","landtype":"WMA","length":"0.4"}},{"type":"Feature","geometry":{"type":"Point","coordinates":[-76.177176,43.746768]},"properties":{"name":"Lakeview WMA Trails","kind":"trail","pgcoord":"159-E4","county":"Jefferson","landtype":"WMA"}},{"type":"Feature","geometry":{"type":"Point","coordinates":[-76.177176,43.746768]},"properties":{"name":"Mud Brook Road","kind":"trail","pgcoord":"159-E4","county":"Jefferson","landtype":"WMA","length":"0.4"}},{"type":"Feature","geometry":{"type":"Point","coordinates":[-76.177176,43.746768]},"properties":{"name":"North Landing Trail","kind":"trail","pgcoord":"159-E4","county":"Jefferson","landtype":"WMA","length":"0.5"}},{"type":"Feature","geometry":{"type":"Point","coordinates":[-76.176026,43.688769]},"properties":{"name":"South Sandy Trail","kind":"trail","pgcoord":"155-A4","county":"Jefferson","landtype":"WMA","length":"0.7"}},{"type":"Feature","geometry":{"type":"Point","coordinates":[-76.177176,43.746768]},"properties":{"name":"Tower Trail","kind":"trail","pgcoord":"159-E4","county":"Jefferson","landtype":"WMA","length":"0.9"}},{"type":"Feature","geometry":{"type":"Point","coordinates":[-75.935306,43.691214]},"properties":{"name":"Little John WMA Trails","kind":"trail","pgcoord":"156-A1","county":"Oswego","landtype":"WMA"}},{"type":"Feature","geometry":{"type":"Point","coordinates":[-78.245112,43.128545]},"properties":{"name":"Oak Orchard WMA Trails","kind":"trail","pgcoord":"141-E4","county":"Genesee","landtype":"WMA"}},{"type":"Feature","geometry":{"type":"Point","coordinates":[-75.991963,44.037774]},"properties":{"name":"Buckminster Road","kind":"trail","pgcoord":"163-E6","county":"Jefferson","landtype":"WMA","length":"0.9"}},{"type":"Feature","geometry":{"type":"Point","coordinates":[-75.941667,44.095763]},"properties":{"name":"Ptower Trail","kind":"trail","pgcoord":"164-D1","county":"Jefferson","landtype":"WMA","length":"7.2"}},{"type":"Feature","geometry":{"type":"Point","coordinates":[-75.941667,44.095763]},"properties":{"name":"Stone Mills Road","kind":"trail","pgcoord":"164-D1","county":"Jefferson","landtype":"WMA","length":"0.2"}},{"type":"Feature","geometry":{"type":"Point","coordinates":[-75.732454,42.594035]},"properties":{"name":"Finger Lakes Trail","kind":"trail","pgcoord":"122-E3","county":"Chenango","landtype":"WMA","length":"6"}},{"type":"Feature","geometry":{"type":"Point","coordinates":[-75.733136,42.651819]},"properties":{"name":"Pharsalia WMA Trails","kind":"trail","pgcoord":"122-D3","county":"Chenango","landtype":"WMA"}},{"type":"Feature","geometry":{"type":"Point","coordinates":[-77.790652,42.50454]},"properties":{"name":"Ossian State Forest Multiple-Use Trail","kind":"trail","pgcoord":"98-A3","county":"Livingston","landtype":"WMA"}},{"type":"Feature","geometry":{"type":"Point","coordinates":[-77.790652,42.50454]},"properties":{"name":"Rattlesnake Hill Trail","kind":"trail","pgcoord":"98-A3","county":"Livingston","landtype":"WMA","length":"2.5"}},{"type":"Feature","geometry":{"type":"Point","coordinates":[-77.377926,42.745084]},"properties":{"name":"Stid Hill WMA Trails","kind":"trail","pgcoord":"116-B2","county":"Ontario","landtype":"WMA"}},{"type":"Feature","geometry":{"type":"Point","coordinates":[-76.073959,43.285196]},"properties":{"name":"Three Mile Bay/Big Bay WMA Trails","kind":"trail","pgcoord":"149-C5","county":"Oswego","landtype":"WMA"}},{"type":"Feature","geometry":{"type":"Point","coordinates":[-76.354838,43.22438]},"properties":{"name":"Three Rivers WMA Trails","kind":"trail","pgcoord":"148-D2","county":"Onondaga","landtype":"WMA"}},{"type":"Feature","geometry":{"type":"Point","coordinates":[-78.566393,42.945746]},"properties":{"name":"Tillman Road WMA Trails","kind":"trail","pgcoord":"125-C6","county":"Erie","landtype":"WMA"}},{"type":"Feature","geometry":{"type":"Point","coordinates":[-75.82866,42.824623]},"properties":{"name":"Link Trail North Country Trail","kind":"trail","pgcoord":"122-A2","county":"Madison","landtype":"WMA","length":"27"}},{"type":"Feature","geometry":{"type":"Point","coordinates":[-75.82866,42.824623]},"properties":{"name":"Tioughnioga WMA Trails","kind":"trail","pgcoord":"122-A2","county":"Madison","landtype":"WMA"}},{"type":"Feature","geometry":{"type":"Point","coordinates":[-79.403884,42.16472]},"properties":{"name":"Tom\u2019s Point WMA Trails","kind":"trail","pgcoord":"74-A2","county":"Chautauqua","landtype":"WMA"}},{"type":"Feature","geometry":{"type":"Point","coordinates":[-75.651268,43.693003]},"properties":{"name":"Alphabet Lane Road","kind":"trail","pgcoord":"157-A4","county":"Lewis","landtype":"WMA","length":"0.8"}},{"type":"Feature","geometry":{"type":"Point","coordinates":[-75.651268,43.693003]},"properties":{"name":"Beech Street Road","kind":"trail","pgcoord":"157-A4","county":"Lewis","landtype":"WMA","length":"1.8"}},{"type":"Feature","geometry":{"type":"Point","coordinates":[-75.651268,43.693003]},"properties":{"name":"Tug Hill WMA Trails","kind":"trail","pgcoord":"157-A4","county":"Lewis","landtype":"WMA"}},{"type":"Feature","geometry":{"type":"Point","coordinates":[-79.395902,42.049486]},"properties":{"name":"Watts Flats WMA Trails","kind":"trail","pgcoord":"74-C2","county":"Chautauqua","landtype":"WMA"}},{"type":"Feature","geometry":{"type":"Point","coordinates":[-76.858006,42.639114]},"properties":{"name":"Willard WMA Trails","kind":"trail","pgcoord":"118-D2","county":"Seneca","landtype":"WMA"}},{"type":"Feature","geometry":{"type":"Point","coordinates":[-77.87824,42.386731]},"properties":{"name":"Norton Forest Road","kind":"trail","pgcoord":"98-C2","county":"Allegany","landtype":"County","length":"0.6"}},{"type":"Feature","geometry":{"type":"Point","coordinates":[-77.872928,42.271309]},"properties":{"name":"Stewart Forest Road","kind":"trail","pgcoord":"98-E2","county":"Allegany","landtype":"County","length":"0.3"}},{"type":"Feature","geometry":{"type":"Point","coordinates":[-76.053252,42.071441]},"properties":{"name":"Vestal Rail Trail","kind":"trail","pgcoord":"87-D5","county":"Broome","landtype":"County","length":"2"}},{"type":"Feature","geometry":{"type":"Point","coordinates":[-78.467952,42.081436]},"properties":{"name":"Allegheny River Valley Trail","kind":"trail","pgcoord":"78-C1","county":"Cattaraugus","landtype":"County","length":"6"}},{"type":"Feature","geometry":{"type":"Point","coordinates":[-78.712067,42.247119]},"properties":{"name":"Camp Seneca Loop","kind":"trail","pgcoord":"95-E4","county":"Cattaraugus","landtype":"County","length":"0.3"}},{"type":"Feature","geometry":{"type":"Point","coordinates":[-78.619559,42.250171]},"properties":{"name":"Eagle Forest Road","kind":"trail","pgcoord":"95-E5","county":"Cattaraugus","landtype":"County","length":"0.5"}},{"type":"Feature","geometry":{"type":"Point","coordinates":[-78.712067,42.247119]},"properties":{"name":"East McCarty Hill Trail","kind":"trail","pgcoord":"95-E4","county":"Cattaraugus","landtype":"County","length":"0.5"}},{"type":"Feature","geometry":{"type":"Point","coordinates":[-78.712067,42.247119]},"properties":{"name":"Finger Lakes Trail","kind":"trail","pgcoord":"95-E4","county":"Cattaraugus","landtype":"County","length":"0.4"}},{"type":"Feature","geometry":{"type":"Point","coordinates":[-78.30147,42.433068]},"properties":{"name":"Huyck Road","kind":"trail","pgcoord":"96-B3","county":"Allegany","landtype":"County","length":"1.4"}},{"type":"Feature","geometry":{"type":"Point","coordinates":[-78.900142,42.298717]},"properties":{"name":"Pat McGee Trail","kind":"trail","pgcoord":"94-D2","county":"Cattaraugus","landtype":"County","length":"12"}},{"type":"Feature","geometry":{"type":"Point","coordinates":[-78.283445,42.086687]},"properties":{"name":"Pfeiffer Nature Center Trails","kind":"trail","pgcoord":"78-C3","county":"Allegany","landtype":"County","length":"9"}},{"type":"Feature","geometry":{"type":"Point","coordinates":[-78.520644,42.137705]},"properties":{"name":"Townsend Hollow Access","kind":"trail","pgcoord":"77-B6","county":"Cattaraugus","landtype":"County","length":"1.1"}},{"type":"Feature","geometry":{"type":"Point","coordinates":[-76.586154,42.932394]},"properties":{"name":"Auburn Fleming Trail","kind":"trail","pgcoord":"133-D5","county":"Cayuga","landtype":"County","length":"3"}},{"type":"Feature","geometry":{"type":"Point","coordinates":[-76.589112,43.047916]},"properties":{"name":"Canalway Trail - Erie Section (Camillus to Port Byron)","kind":"trail","pgcoord":"133-B5","county":"Cayuga","landtype":"County","length":"20"}},{"type":"Feature","geometry":{"type":"Point","coordinates":[-76.690931,43.335544]},"properties":{"name":"Cato-Fair Haven Trail","kind":"trail","pgcoord":"147-B4","county":"Cayuga","landtype":"County","length":"15"}},{"type":"Feature","geometry":{"type":"Point","coordinates":[-76.586154,42.932394]},"properties":{"name":"Cayuga County Trail","kind":"trail","pgcoord":"133-D5","county":"Cayuga","landtype":"County","length":"20"}},{"type":"Feature","geometry":{"type":"Point","coordinates":[-79.508406,42.334221]},"properties":{"name":"Alison Wells Ney Nature Trail","kind":"trail","pgcoord":"92-C1","county":"Chautauqua","landtype":"County","length":"5"}},{"type":"Feature","geometry":{"type":"Point","coordinates":[-79.231248,42.344673]},"properties":{"name":"Cassadaga Rd","kind":"trail","pgcoord":"93-C4","county":"Chautauqua","landtype":"County","length":"0.6"}},{"type":"Feature","geometry":{"type":"Point","coordinates":[-79.500128,42.218917]},"properties":{"name":"Chautauqua Rails-to-Trails","kind":"trail","pgcoord":"92-E1","county":"Chautauqua","landtype":"County","length":"24"}},{"type":"Feature","geometry":{"type":"Point","coordinates":[-79.492174,42.103664]},"properties":{"name":"Eggleston Hill Rd","kind":"trail","pgcoord":"74-B1","county":"Chautauqua","landtype":"County","length":"0.7"}},{"type":"Feature","geometry":{"type":"Point","coordinates":[-79.223461,42.229369]},"properties":{"name":"Harris Hill Rd","kind":"trail","pgcoord":"93-E4","county":"Chautauqua","landtype":"County","length":"0.1"}},{"type":"Feature","geometry":{"type":"Point","coordinates":[-79.504267,42.276569]},"properties":{"name":"Laurie A. Baer Trail","kind":"trail","pgcoord":"92-D1","county":"Chautauqua","landtype":"County","length":"1"}},{"type":"Feature","geometry":{"type":"Point","coordinates":[-79.54968,42.217146]},"properties":{"name":"Nancy B. Diggs Trail","kind":"trail","pgcoord":"91-E6","county":"Chautauqua","landtype":"County","length":"2"}},{"type":"Feature","geometry":{"type":"Point","coordinates":[-79.500128,42.218917]},"properties":{"name":"Paul and Nadine Webb Trail","kind":"trail","pgcoord":"92-E1","county":"Chautauqua","landtype":"County","length":"2"}},{"type":"Feature","geometry":{"type":"Point","coordinates":[-79.545533,42.159251]},"properties":{"name":"Ralph C. Sheldon Trail","kind":"trail","pgcoord":"73-A6","county":"Chautauqua","landtype":"County","length":"6"}},{"type":"Feature","geometry":{"type":"Point","coordinates":[-79.231248,42.344673]},"properties":{"name":"Rood Rd","kind":"trail","pgcoord":"93-C4","county":"Chautauqua","landtype":"County","length":"0.5"}},{"type":"Feature","geometry":{"type":"Point","coordinates":[-79.231248,42.344673]},"properties":{"name":"Ruttenbur Rd","kind":"trail","pgcoord":"93-C4","county":"Chautauqua","landtype":"County","length":"0.1"}},{"type":"Feature","geometry":{"type":"Point","coordinates":[-79.134854,42.290512]},"properties":{"name":"Sanford Rd","kind":"trail","pgcoord":"93-D5","county":"Chautauqua","landtype":"County","length":"1"}},{"type":"Feature","geometry":{"type":"Point","coordinates":[-79.496265,42.161271]},"properties":{"name":"Stebbins Rd","kind":"trail","pgcoord":"74-A1","county":"Chautauqua","landtype":"County","length":"6.2"}},{"type":"Feature","geometry":{"type":"Point","coordinates":[-76.064943,42.764917]},"properties":{"name":"Tinkers Falls Trail","kind":"trail","pgcoord":"121-B5","county":"Cortland","landtype":"County","length":"0.3"}},{"type":"Feature","geometry":{"type":"Point","coordinates":[-78.84305,42.878705]},"properties":{"name":"Buffalo and Erie County Riverwalk","kind":"trail","pgcoord":"124-D3","county":"Erie","landtype":"County","length":"12"}},{"type":"Feature","geometry":{"type":"Point","coordinates":[-78.760499,43.054834]},"properties":{"name":"Canalway Trail - Amherst to Tonawanda","kind":"trail","pgcoord":"125-A4","county":"Erie","landtype":"County","length":"1"}},{"type":"Feature","geometry":{"type":"Point","coordinates":[-78.56969,43.003418]},"properties":{"name":"Clarence Akron Pathway","kind":"trail","pgcoord":"125-B6","county":"Erie","landtype":"County","length":"7"}},{"type":"Feature","geometry":{"type":"Point","coordinates":[-78.56969,43.003418]},"properties":{"name":"Clarence Pathways","kind":"trail","pgcoord":"125-B6","county":"Erie","landtype":"County","length":"10"}},{"type":"Feature","geometry":{"type":"Point","coordinates":[-78.543362,42.54189]},"properties":{"name":"Erie County Forest Cross-Country Ski Trails","kind":"trail","pgcoord":"111-E6","county":"Erie","landtype":"County","length":"5"}},{"type":"Feature","geometry":{"type":"Point","coordinates":[-78.543362,42.54189]},"properties":{"name":"Erie County Forest Equestrian Trails","kind":"trail","pgcoord":"111-E6","county":"Erie","landtype":"County","length":"10"}},{"type":"Feature","geometry":{"type":"Point","coordinates":[-78.543362,42.54189]},"properties":{"name":"Erie County Forest Hiking Trails","kind":"trail","pgcoord":"111-E6","county":"Erie","landtype":"County","length":"7"}},{"type":"Feature","geometry":{"type":"Point","coordinates":[-78.543362,42.54189]},"properties":{"name":"Erie County Forest Snowmobile Trails","kind":"trail","pgcoord":"111-E6","county":"Erie","landtype":"County","length":"4"}},{"type":"Feature","geometry":{"type":"Point","coordinates":[-78.753533,42.93949]},"properties":{"name":"Lehigh Memory Trail","kind":"trail","pgcoord":"125-C4","county":"Erie","landtype":"County","length":"1"}},{"type":"Feature","geometry":{"type":"Point","coordinates":[-78.84305,42.878705]},"properties":{"name":"Niagara Falls Riverwalk","kind":"trail","pgcoord":"124-D3","county":"Erie","landtype":"County","length":"6"}},{"type":"Feature","geometry":{"type":"Point","coordinates":[-78.422716,42.949903]},"properties":{"name":"Finger Lakes Trail - Conservation","kind":"trail","pgcoord":"126-C2","county":"Genesee","landtype":"County","length":"8.9"}},{"type":"Feature","geometry":{"type":"Point","coordinates":[-78.233019,42.897601]},"properties":{"name":"Groveland Secondary Trail (York to Alexander)","kind":"trail","pgcoord":"127-D4","county":"Genesee","landtype":"County","length":"20"}},{"type":"Feature","geometry":{"type":"Point","coordinates":[-78.429098,43.065302]},"properties":{"name":"John White Access Road","kind":"trail","pgcoord":"126-A2","county":"Genesee","landtype":"County","length":"0.6"}},{"type":"Feature","geometry":{"type":"Point","coordinates":[-78.139492,42.900307]},"properties":{"name":"Outer Loop Trail","kind":"trail","pgcoord":"127-D5","county":"Genesee","landtype":"County","length":"3"}},{"type":"Feature","geometry":{"type":"Point","coordinates":[-75.749307,43.981416]},"properties":{"name":"Black River Recreation Trail","kind":"trail","pgcoord":"160-A3","county":"Jefferson","landtype":"County","length":"5"}},{"type":"Feature","geometry":{"type":"Point","coordinates":[-76.090602,44.210033]},"properties":{"name":"Buz Road","kind":"trail","pgcoord":"163-B5","county":"Jefferson","landtype":"County","length":"0.6"}},{"type":"Feature","geometry":{"type":"Point","coordinates":[-76.088485,44.094495]},"properties":{"name":"Chaumont Barrens Preserve","kind":"trail","pgcoord":"163-D5","county":"Jefferson","landtype":"County","length":"2"}},{"type":"Feature","geometry":{"type":"Point","coordinates":[-75.941667,44.095763]},"properties":{"name":"Cook Road","kind":"trail","pgcoord":"164-D1","county":"Jefferson","landtype":"County","length":"1.4"}},{"type":"Feature","geometry":{"type":"Point","coordinates":[-75.842146,43.807521]},"properties":{"name":"Inman Gulf Hiking and Nature Trails","kind":"trail","pgcoord":"160-D2","county":"Lewis","landtype":"County","length":"11"}},{"type":"Feature","geometry":{"type":"Point","coordinates":[-76.177176,43.746768]},"properties":{"name":"Pierrepont Place Road","kind":"trail","pgcoord":"159-E4","county":"Jefferson","landtype":"County","length":"0.5"}},{"type":"Feature","geometry":{"type":"Point","coordinates":[-76.274129,43.861185]},"properties":{"name":"Radar Road","kind":"trail","pgcoord":"158-C3","county":"Jefferson","landtype":"County","length":"0.8"}},{"type":"Feature","geometry":{"type":"Point","coordinates":[-75.943497,44.211318]},"properties":{"name":"Rivergate Trail","kind":"trail","pgcoord":"164-B1","county":"Jefferson","landtype":"County","length":"18"}},{"type":"Feature","geometry":{"type":"Point","coordinates":[-75.657591,44.270919]},"properties":{"name":"Root Row Road","kind":"trail","pgcoord":"165-A4","county":"Jefferson","landtype":"County","length":"0.9"}},{"type":"Feature","geometry":{"type":"Point","coordinates":[-76.177176,43.746768]},"properties":{"name":"Sandy Creek Road","kind":"trail","pgcoord":"159-E4","county":"Jefferson","landtype":"County","length":"0.1"}},{"type":"Feature","geometry":{"type":"Point","coordinates":[-76.274129,43.861185]},"properties":{"name":"Shore Road","kind":"trail","pgcoord":"158-C3","county":"Jefferson","landtype":"County","length":"0.8"}},{"type":"Feature","geometry":{"type":"Point","coordinates":[-76.274129,43.861185]},"properties":{"name":"Whele Walk Trail","kind":"trail","pgcoord":"158-C3","county":"Jefferson","landtype":"County","length":"0.5"}},{"type":"Feature","geometry":{"type":"Point","coordinates":[-75.842146,43.807521]},"properties":{"name":"Target Road","kind":"trail","pgcoord":"160-D2","county":"Lewis","landtype":"County","length":"1.1"}},{"type":"Feature","geometry":{"type":"Point","coordinates":[-77.614695,42.739994]},"properties":{"name":"Blank Road Trail","kind":"trail","pgcoord":"115-B5","county":"Livingston","landtype":"County","length":"3.1"}},{"type":"Feature","geometry":{"type":"Point","coordinates":[-77.612273,42.682267]},"properties":{"name":"Flats Overlook Trail","kind":"trail","pgcoord":"115-C5","county":"Livingston","landtype":"County","length":"0.4"}},{"type":"Feature","geometry":{"type":"Point","coordinates":[-77.88878,42.617781]},"properties":{"name":"Greenway - Nunda Connector Trail","kind":"trail","pgcoord":"114-D2","county":"Livingston","landtype":"County","length":"2.3"}},{"type":"Feature","geometry":{"type":"Point","coordinates":[-77.612273,42.682267]},"properties":{"name":"Hemlock 106 Trail","kind":"trail","pgcoord":"115-C5","county":"Livingston","landtype":"County","length":"0.6"}},{"type":"Feature","geometry":{"type":"Point","coordinates":[-77.617117,42.79772]},"properties":{"name":"Hemlock Outlet West Trail","kind":"trail","pgcoord":"115-A5","county":"Livingston","landtype":"County","length":"3.1"}},{"type":"Feature","geometry":{"type":"Point","coordinates":[-77.790652,42.50454]},"properties":{"name":"Linzy Road Truck Trail","kind":"trail","pgcoord":"98-A3","county":"Livingston","landtype":"County","length":"0.6"}},{"type":"Feature","geometry":{"type":"Point","coordinates":[-77.614695,42.739994]},"properties":{"name":"Mission Road Trail","kind":"trail","pgcoord":"115-B5","county":"Livingston","landtype":"County","length":"0.7"}},{"type":"Feature","geometry":{"type":"Point","coordinates":[-77.808732,42.90878]},"properties":{"name":"Old Mill Road Trail","kind":"trail","pgcoord":"128-D3","county":"Livingston","landtype":"County","length":"0.3"}},{"type":"Feature","geometry":{"type":"Point","coordinates":[-77.790652,42.50454]},"properties":{"name":"Scoville Access Road","kind":"trail","pgcoord":"98-A3","county":"Livingston","landtype":"County","length":"1"}},{"type":"Feature","geometry":{"type":"Point","coordinates":[-77.612273,42.682267]},"properties":{"name":"Wheaton Hill North Trail","kind":"trail","pgcoord":"115-C5","county":"Livingston","landtype":"County","length":"0.8"}},{"type":"Feature","geometry":{"type":"Point","coordinates":[-77.609851,42.62454]},"properties":{"name":"Wheaton Hill South Trail","kind":"trail","pgcoord":"115-D5","county":"Livingston","landtype":"County","length":"0.7"}},{"type":"Feature","geometry":{"type":"Point","coordinates":[-77.485104,43.089854]},"properties":{"name":"Auburn Line Trail (Pittsford - Village To Victor)","kind":"trail","pgcoord":"130-A1","county":"Monroe","landtype":"County","length":"5.2"}},{"type":"Feature","geometry":{"type":"Point","coordinates":[-77.485104,43.089854]},"properties":{"name":"Auburn Line Trail (Pittsford Section)","kind":"trail","pgcoord":"130-A1","county":"Monroe","landtype":"County","length":"2"}},{"type":"Feature","geometry":{"type":"Point","coordinates":[-77.821979,43.19755]},"properties":{"name":"Canalway Trail (Adam\u2019s Basin - Long Pond Rd)","kind":"trail","pgcoord":"142-D3","county":"Monroe","landtype":"County","length":"8.3"}},{"type":"Feature","geometry":{"type":"Point","coordinates":[-77.915889,43.195246]},"properties":{"name":"Canalway Trail (Brockport - Adams Basin)","kind":"trail","pgcoord":"142-D2","county":"Monroe","landtype":"County","length":"0.4"}},{"type":"Feature","geometry":{"type":"Point","coordinates":[-77.915889,43.195246]},"properties":{"name":"Canalway Trail (Brockport Section)","kind":"trail","pgcoord":"142-D2","county":"Monroe","landtype":"County","length":"2.9"}},{"type":"Feature","geometry":{"type":"Point","coordinates":[-77.485104,43.089854]},"properties":{"name":"Canalway Trail (Fairport Section)","kind":"trail","pgcoord":"130-A1","county":"Monroe","landtype":"County","length":"2.5"}},{"type":"Feature","geometry":{"type":"Point","coordinates":[-77.535464,43.088833]},"properties":{"name":"Canalway Trail (Gen Val Pk To Great Embankment)","kind":"trail","pgcoord":"129-A6","county":"Monroe","landtype":"County","length":"8.8"}},{"type":"Feature","geometry":{"type":"Point","coordinates":[-77.631812,43.14443]},"properties":{"name":"Canalway Trail (Genesee Valley Park Area)","kind":"trail","pgcoord":"143-E5","county":"Monroe","landtype":"County","length":"0.3"}},{"type":"Feature","geometry":{"type":"Point","coordinates":[-77.485104,43.089854]},"properties":{"name":"Canalway Trail (Great Embankment To Fairport)","kind":"trail","pgcoord":"130-A1","county":"Monroe","landtype":"County","length":"3.8"}},{"type":"Feature","geometry":{"type":"Point","coordinates":[-77.728402,43.199844]},"properties":{"name":"Canalway Trail (Greece Southside Section)","kind":"trail","pgcoord":"143-D4","county":"Monroe","landtype":"County","length":"1.5"}},{"type":"Feature","geometry":{"type":"Point","coordinates":[-77.631812,43.14443]},"properties":{"name":"Canalway Trail (Long Pond Rd To Genesee River)","kind":"trail","pgcoord":"143-E5","county":"Monroe","landtype":"County","length":"5.5"}},{"type":"Feature","geometry":{"type":"Point","coordinates":[-78.009739,43.192942]},"properties":{"name":"Canalway Trail (Orleans Co. - Brockport)","kind":"trail","pgcoord":"142-D1","county":"Orleans","landtype":"County","length":"1.7"}},{"type":"Feature","geometry":{"type":"Point","coordinates":[-77.485104,43.089854]},"properties":{"name":"Canalway Trail (Pittsford Realignment)","kind":"trail","pgcoord":"130-A1","county":"Monroe","landtype":"County","length":"0.4"}},{"type":"Feature","geometry":{"type":"Point","coordinates":[-77.482784,43.032096]},"properties":{"name":"Crescent Trail","kind":"trail","pgcoord":"130-B1","county":"Ontario","landtype":"County","length":"3.9"}},{"type":"Feature","geometry":{"type":"Point","coordinates":[-77.535464,43.088833]},"properties":{"name":"Erie Canal Towpath","kind":"trail","pgcoord":"129-A6","county":"Monroe","landtype":"County","length":"1.4"}},{"type":"Feature","geometry":{"type":"Point","coordinates":[-77.624449,42.971041]},"properties":{"name":"Firelane Access Road","kind":"trail","pgcoord":"129-C5","county":"Monroe","landtype":"County","length":"1.7"}},{"type":"Feature","geometry":{"type":"Point","coordinates":[-77.631812,43.14443]},"properties":{"name":"Genesee Riverway Trail","kind":"trail","pgcoord":"143-E5","county":"Monroe","landtype":"County","length":"28.1"}},{"type":"Feature","geometry":{"type":"Point","coordinates":[-77.631812,43.14443]},"properties":{"name":"Genesee Valley Greenway","kind":"trail","pgcoord":"143-E5","county":"Monroe","landtype":"County","length":"97"}},{"type":"Feature","geometry":{"type":"Point","coordinates":[-77.535464,43.088833]},"properties":{"name":"Historic Erie Canal and Railroad Loop Trail","kind":"trail","pgcoord":"129-A6","county":"Monroe","landtype":"County","length":"3"}},{"type":"Feature","geometry":{"type":"Point","coordinates":[-77.489823,43.205573]},"properties":{"name":"Hojack Trail (Webster Section)","kind":"trail","pgcoord":"144-D1","county":"Monroe","landtype":"County","length":"3.7"}},{"type":"Feature","geometry":{"type":"Point","coordinates":[-77.48746,43.147829]},"properties":{"name":"Irondequoit Creek Trail (Linear Pk - Panorama Plz)","kind":"trail","pgcoord":"144-E1","county":"Monroe","landtype":"County","length":"1.8"}},{"type":"Feature","geometry":{"type":"Point","coordinates":[-77.636821,43.259868]},"properties":{"name":"Janes Rd - Lake Ontario State Pkwy Connector Trail","kind":"trail","pgcoord":"143-C5","county":"Monroe","landtype":"County","length":"0.2"}},{"type":"Feature","geometry":{"type":"Point","coordinates":[-77.629341,43.086544]},"properties":{"name":"John Street Trail","kind":"trail","pgcoord":"129-A5","county":"Monroe","landtype":"County","length":"1.5"}},{"type":"Feature","geometry":{"type":"Point","coordinates":[-77.631812,43.14443]},"properties":{"name":"Lehigh Valley Linear Trail","kind":"trail","pgcoord":"143-E5","county":"Monroe","landtype":"County","length":"14"}},{"type":"Feature","geometry":{"type":"Point","coordinates":[-77.631812,43.14443]},"properties":{"name":"Lehigh Valley Rail Trail","kind":"trail","pgcoord":"143-E5","county":"Monroe","landtype":"County","length":"6"}},{"type":"Feature","geometry":{"type":"Point","coordinates":[-77.629341,43.086544]},"properties":{"name":"Lehigh Valley Trail (Brighton Section)","kind":"trail","pgcoord":"129-A5","county":"Monroe","landtype":"County","length":"1.9"}},{"type":"Feature","geometry":{"type":"Point","coordinates":[-77.629341,43.086544]},"properties":{"name":"Lehigh Valley Trail (Henrietta Section #2)","kind":"trail","pgcoord":"129-A5","county":"Monroe","landtype":"County","length":"2.6"}},{"type":"Feature","geometry":{"type":"Point","coordinates":[-77.626895,43.028785]},"properties":{"name":"Lehigh Valley Trail (Henrietta Section)","kind":"trail","pgcoord":"129-B5","county":"Monroe","landtype":"County","length":"5.8"}},{"type":"Feature","geometry":{"type":"Point","coordinates":[-77.480465,42.974345]},"properties":{"name":"Lehigh Valley Trail (Mendon To Victor)","kind":"trail","pgcoord":"130-C1","county":"Ontario","landtype":"County","length":"7.7"}},{"type":"Feature","geometry":{"type":"Point","coordinates":[-77.624449,42.971041]},"properties":{"name":"Lehigh Valley Trail (Rush/Mendon Section)","kind":"trail","pgcoord":"129-C5","county":"Monroe","landtype":"County","length":"7.2"}},{"type":"Feature","geometry":{"type":"Point","coordinates":[-77.636821,43.259868]},"properties":{"name":"Lake Ontario State Pkwy - Island Cottage Connector","kind":"trail","pgcoord":"143-C5","county":"Monroe","landtype":"County","length":"0.2"}},{"type":"Feature","geometry":{"type":"Point","coordinates":[-77.39128,43.091714]},"properties":{"name":"Lyndon Road Trail Ramps","kind":"trail","pgcoord":"130-A2","county":"Monroe","landtype":"County","length":"6.4"}},{"type":"Feature","geometry":{"type":"Point","coordinates":[-77.631812,43.14443]},"properties":{"name":"Olmstead Bridge Over Erie Canal","kind":"trail","pgcoord":"143-E5","county":"Monroe","landtype":"County","length":"0.2"}},{"type":"Feature","geometry":{"type":"Point","coordinates":[-77.535464,43.088833]},"properties":{"name":"Pittsford Trail System (Railroad Loop Trail)","kind":"trail","pgcoord":"129-A6","county":"Monroe","landtype":"County","length":"11"}},{"type":"Feature","geometry":{"type":"Point","coordinates":[-77.718133,42.968764]},"properties":{"name":"Powerline Access Road Row","kind":"trail","pgcoord":"129-C4","county":"Monroe","landtype":"County","length":"1.2"}},{"type":"Feature","geometry":{"type":"Point","coordinates":[-77.389049,43.033957]},"properties":{"name":"Rochester, Hikeway-Bike Syracuse and Eastern Trolley Trail/Perinton","kind":"trail","pgcoord":"130-B2","county":"Ontario","landtype":"County","length":"6"}},{"type":"Feature","geometry":{"type":"Point","coordinates":[-77.489823,43.205573]},"properties":{"name":"Route 104 Trail (Town Of Webster)","kind":"trail","pgcoord":"144-D1","county":"Monroe","landtype":"County","length":"6.1"}},{"type":"Feature","geometry":{"type":"Point","coordinates":[-77.636821,43.259868]},"properties":{"name":"Route 390 Trail (Town Of Greece)","kind":"trail","pgcoord":"143-C5","county":"Monroe","landtype":"County","length":"4.9"}},{"type":"Feature","geometry":{"type":"Point","coordinates":[-77.39128,43.091714]},"properties":{"name":"RSandE Trolley Trail","kind":"trail","pgcoord":"130-A2","county":"Monroe","landtype":"County","length":"5.7"}},{"type":"Feature","geometry":{"type":"Point","coordinates":[-77.631812,43.14443]},"properties":{"name":"Univ. Of Rochester Footbridge","kind":"trail","pgcoord":"143-E5","county":"Monroe","landtype":"County","length":"0.1"}},{"type":"Feature","geometry":{"type":"Point","coordinates":[-77.631812,43.14443]},"properties":{"name":"Westside Canalway Trail","kind":"trail","pgcoord":"143-E5","county":"Monroe","landtype":"County","length":"5.9"}},{"type":"Feature","geometry":{"type":"Point","coordinates":[-75.552139,43.231158]},"properties":{"name":"Canalway Trail - Rome Green Corridor","kind":"trail","pgcoord":"151-D5","county":"Oneida","landtype":"County","length":"3"}},{"type":"Feature","geometry":{"type":"Point","coordinates":[-76.447541,43.16559]},"properties":{"name":"Beaver Lake Nature Center Trails","kind":"trail","pgcoord":"148-E1","county":"Onondaga","landtype":"County","length":"9"}},{"type":"Feature","geometry":{"type":"Point","coordinates":[-76.06994,43.053956]},"properties":{"name":"Canalway Trail - Old Erie Canal State Park","kind":"trail","pgcoord":"135-B5","county":"Onondaga","landtype":"County","length":"36"}},{"type":"Feature","geometry":{"type":"Point","coordinates":[-76.442113,42.934365]},"properties":{"name":"Charlie Major Nature Trail","kind":"trail","pgcoord":"134-D1","county":"Onondaga","landtype":"County","length":"1"}},{"type":"Feature","geometry":{"type":"Point","coordinates":[-75.922128,42.824042]},"properties":{"name":"Highland Forest Park Trails","kind":"trail","pgcoord":"122-A1","county":"Onondaga","landtype":"County","length":"20"}},{"type":"Feature","geometry":{"type":"Point","coordinates":[-76.068939,42.996178]},"properties":{"name":"Jamesville Beach Park","kind":"trail","pgcoord":"135-C5","county":"Onondaga","landtype":"County"}},{"type":"Feature","geometry":{"type":"Point","coordinates":[-76.072944,43.227418]},"properties":{"name":"Oneida Shores Park","kind":"trail","pgcoord":"149-D5","county":"Oswego","landtype":"County"}},{"type":"Feature","geometry":{"type":"Point","coordinates":[-76.257238,43.05194]},"properties":{"name":"Onondaga Lake Park Trails","kind":"trail","pgcoord":"134-B3","county":"Onondaga","landtype":"County","length":"7"}},{"type":"Feature","geometry":{"type":"Point","coordinates":[-75.974213,42.939411]},"properties":{"name":"Pratt\u2019s Falls Park","kind":"trail","pgcoord":"135-D6","county":"Onondaga","landtype":"County"}},{"type":"Feature","geometry":{"type":"Point","coordinates":[-76.251388,42.762921]},"properties":{"name":"Spafford Forest","kind":"trail","pgcoord":"120-B3","county":"Cortland","landtype":"County"}},{"type":"Feature","geometry":{"type":"Point","coordinates":[-77.386818,42.976207]},"properties":{"name":"Auburn Line Trail (Victor Section)","kind":"trail","pgcoord":"130-C2","county":"Ontario","landtype":"County","length":"7.9"}},{"type":"Feature","geometry":{"type":"Point","coordinates":[-77.614695,42.739994]},"properties":{"name":"Canadice Forest Road Trail","kind":"trail","pgcoord":"115-B5","county":"Livingston","landtype":"County","length":"4"}},{"type":"Feature","geometry":{"type":"Point","coordinates":[-77.612273,42.682267]},"properties":{"name":"Canadice South Loop Trail","kind":"trail","pgcoord":"115-C5","county":"Livingston","landtype":"County","length":"0.6"}},{"type":"Feature","geometry":{"type":"Point","coordinates":[-76.95844,42.868916]},"properties":{"name":"Canalway Trail - Geneva-Seneca Lake","kind":"trail","pgcoord":"132-E1","county":"Seneca","landtype":"County","length":"2"}},{"type":"Feature","geometry":{"type":"Point","coordinates":[-77.288877,42.862594]},"properties":{"name":"Canandaigua Lagoon Walk Trails","kind":"trail","pgcoord":"130-E3","county":"Ontario","landtype":"County","length":"1.8"}},{"type":"Feature","geometry":{"type":"Point","coordinates":[-77.468939,42.685479]},"properties":{"name":"Finger Lakes Trail - Bristol Hills","kind":"trail","pgcoord":"116-C1","county":"Ontario","landtype":"County","length":"9.5"}},{"type":"Feature","geometry":{"type":"Point","coordinates":[-76.95844,42.868916]},"properties":{"name":"Geneva Waterfront Trail","kind":"trail","pgcoord":"132-E1","county":"Seneca","landtype":"County","length":"1"}},{"type":"Feature","geometry":{"type":"Point","coordinates":[-77.612273,42.682267]},"properties":{"name":"Hemlock 100 Trail","kind":"trail","pgcoord":"115-C5","county":"Livingston","landtype":"County","length":"0.7"}},{"type":"Feature","geometry":{"type":"Point","coordinates":[-77.614695,42.739994]},"properties":{"name":"North Forest Road Trail","kind":"trail","pgcoord":"115-B5","county":"Livingston","landtype":"County","length":"1.8"}},{"type":"Feature","geometry":{"type":"Point","coordinates":[-77.288877,42.862594]},"properties":{"name":"Ontario Pathways","kind":"trail","pgcoord":"130-E3","county":"Ontario","landtype":"County","length":"19"}},{"type":"Feature","geometry":{"type":"Point","coordinates":[-77.195782,42.864451]},"properties":{"name":"Ontario Pathways (Canandaigua To Hopewell)","kind":"trail","pgcoord":"131-E4","county":"Ontario","landtype":"County","length":"3.4"}},{"type":"Feature","geometry":{"type":"Point","coordinates":[-77.195782,42.864451]},"properties":{"name":"Ontario Pathways (Hopewell To Stanley)","kind":"trail","pgcoord":"131-E4","county":"Ontario","landtype":"County","length":"7.6"}},{"type":"Feature","geometry":{"type":"Point","coordinates":[-77.106165,42.981788]},"properties":{"name":"Ontario Pathways (Phelps To Arcadia)","kind":"trail","pgcoord":"131-C5","county":"Ontario","landtype":"County","length":"2.5"}},{"type":"Feature","geometry":{"type":"Point","coordinates":[-77.102232,42.866317]},"properties":{"name":"Ontario Pathways (Stanley To Phelps)","kind":"trail","pgcoord":"131-E5","county":"Ontario","landtype":"County","length":"10"}},{"type":"Feature","geometry":{"type":"Point","coordinates":[-77.386818,42.976207]},"properties":{"name":"Seneca Trail","kind":"trail","pgcoord":"130-C2","county":"Ontario","landtype":"County","length":"6"}},{"type":"Feature","geometry":{"type":"Point","coordinates":[-77.612273,42.682267]},"properties":{"name":"South Forest Road Trail","kind":"trail","pgcoord":"115-C5","county":"Livingston","landtype":"County","length":"1.3"}},{"type":"Feature","geometry":{"type":"Point","coordinates":[-77.612273,42.682267]},"properties":{"name":"Southwest Canadice Trail","kind":"trail","pgcoord":"115-C5","county":"Livingston","landtype":"County","length":"1.9"}},{"type":"Feature","geometry":{"type":"Point","coordinates":[-78.012605,43.25066]},"properties":{"name":"Canalway Trail (Holley To Albion)","kind":"trail","pgcoord":"142-C1","county":"Orleans","landtype":"County","length":"1.7"}},{"type":"Feature","geometry":{"type":"Point","coordinates":[-78.438808,43.238491]},"properties":{"name":"Canalway Trail (Medina To Niagara Co.)","kind":"trail","pgcoord":"140-C2","county":"Orleans","landtype":"County","length":"4.6"}},{"type":"Feature","geometry":{"type":"Point","coordinates":[-78.012605,43.25066]},"properties":{"name":"Canalway Trail (Monroe Co. - Holley)","kind":"trail","pgcoord":"142-C1","county":"Orleans","landtype":"County","length":"1.6"}},{"type":"Feature","geometry":{"type":"Point","coordinates":[-78.344839,43.241222]},"properties":{"name":"Canalway Trail (Albion To Medina)","kind":"trail","pgcoord":"140-C3","county":"Orleans","landtype":"County","length":"2.4"}},{"type":"Feature","geometry":{"type":"Point","coordinates":[-78.012605,43.25066]},"properties":{"name":"Holley Bicycle Trail - Segment 1","kind":"trail","pgcoord":"142-C1","county":"Orleans","landtype":"County","length":"0.6"}},{"type":"Feature","geometry":{"type":"Point","coordinates":[-78.012605,43.25066]},"properties":{"name":"Waterfalls Park Trail","kind":"trail","pgcoord":"142-C1","county":"Orleans","landtype":"County","length":"0.2"}},{"type":"Feature","geometry":{"type":"Point","coordinates":[-76.356122,43.282154]},"properties":{"name":"Oswego Recreational Trail","kind":"trail","pgcoord":"148-C2","county":"Oswego","landtype":"County","length":"26"}},{"type":"Feature","geometry":{"type":"Point","coordinates":[-75.986358,43.69083]},"properties":{"name":"Shady Shuttle Trail","kind":"trail","pgcoord":"155-A6","county":"Oswego","landtype":"County","length":"2"}},{"type":"Feature","geometry":{"type":"Point","coordinates":[-77.082867,42.288438]},"properties":{"name":"Corbett Hollow Access Road","kind":"trail","pgcoord":"101-E5","county":"Schuyler","landtype":"County","length":"0.5"}},{"type":"Feature","geometry":{"type":"Point","coordinates":[-76.773054,42.929538]},"properties":{"name":"Frank Ludovico Sculpture Trail","kind":"trail","pgcoord":"132-D3","county":"Seneca","landtype":"County","length":"0.8"}},{"type":"Feature","geometry":{"type":"Point","coordinates":[-76.866664,42.928107]},"properties":{"name":"Vern\u2019s Way","kind":"trail","pgcoord":"132-D2","county":"Seneca","landtype":"County","length":"0.3"}},{"type":"Feature","geometry":{"type":"Point","coordinates":[-77.079126,42.172766]},"properties":{"name":"Corning Bike Path","kind":"trail","pgcoord":"83-B5","county":"Steuben","landtype":"County","length":"2"}},{"type":"Feature","geometry":{"type":"Point","coordinates":[-77.274051,42.458063]},"properties":{"name":"Finger Lakes Trail","kind":"trail","pgcoord":"100-B3","county":"Steuben","landtype":"County","length":"3.4"}},{"type":"Feature","geometry":{"type":"Point","coordinates":[-77.079126,42.172766]},"properties":{"name":"Painted Post Trail","kind":"trail","pgcoord":"83-B5","county":"Steuben","landtype":"County","length":"2"}},{"type":"Feature","geometry":{"type":"Point","coordinates":[-76.336064,42.357316]},"properties":{"name":"Candor Valley Riders Snowmobile Trail","kind":"trail","pgcoord":"104-D2","county":"Tompkins","landtype":"County","length":"1"}},{"type":"Feature","geometry":{"type":"Point","coordinates":[-76.338529,42.472888]},"properties":{"name":"Dryden Lake Trail","kind":"trail","pgcoord":"104-B2","county":"Tompkins","landtype":"County","length":"4"}},{"type":"Feature","geometry":{"type":"Point","coordinates":[-76.430139,42.414112]},"properties":{"name":"East Ithaca Recreation Way","kind":"trail","pgcoord":"104-C1","county":"Tompkins","landtype":"County","length":"2"}},{"type":"Feature","geometry":{"type":"Point","coordinates":[-76.338529,42.472888]},"properties":{"name":"Jim Schug Trail","kind":"trail","pgcoord":"104-B2","county":"Tompkins","landtype":"County","length":"3"}},{"type":"Feature","geometry":{"type":"Point","coordinates":[-76.480056,42.41355]},"properties":{"name":"South Hill Recreation Way","kind":"trail","pgcoord":"103-C6","county":"Tompkins","landtype":"County","length":"3"}},{"type":"Feature","geometry":{"type":"Point","coordinates":[-77.201947,43.037672]},"properties":{"name":"Canalway Trail - Erie Canal Heritage Trail","kind":"trail","pgcoord":"131-B4","county":"Ontario","landtype":"County","length":"86"}},{"type":"Feature","geometry":{"type":"Point","coordinates":[-77.39128,43.091714]},"properties":{"name":"Canalway Trail (Fairport To Macedon)","kind":"trail","pgcoord":"130-A2","county":"Monroe","landtype":"County","length":"7.1"}},{"type":"Feature","geometry":{"type":"Point","coordinates":[-76.963926,43.042198]},"properties":{"name":"Canalway Trail (Lyons To Galen)","kind":"trail","pgcoord":"132-B1","county":"Wayne","landtype":"County","length":"4.4"}},{"type":"Feature","geometry":{"type":"Point","coordinates":[-77.295306,43.035818]},"properties":{"name":"Canalway Trail (Macedon To Palmyra)","kind":"trail","pgcoord":"130-B3","county":"Wayne","landtype":"County","length":"2.5"}},{"type":"Feature","geometry":{"type":"Point","coordinates":[-77.108132,43.039534]},"properties":{"name":"Canalway Trail (newark Section)","kind":"trail","pgcoord":"131-B5","county":"Wayne","landtype":"County","length":"1.7"}},{"type":"Feature","geometry":{"type":"Point","coordinates":[-77.201947,43.037672]},"properties":{"name":"Canalway Trail (Palmyra - Arcadia)","kind":"trail","pgcoord":"131-B4","county":"Ontario","landtype":"County","length":"7.1"}},{"type":"Feature","geometry":{"type":"Point","coordinates":[-77.201947,43.037672]},"properties":{"name":"Canalway Trail (Palmyra Southside)","kind":"trail","pgcoord":"131-B4","county":"Ontario","landtype":"County","length":"0.5"}},{"type":"Feature","geometry":{"type":"Point","coordinates":[-77.108132,43.039534]},"properties":{"name":"Canalway Trail (Palmyra To Newark)","kind":"trail","pgcoord":"131-B5","county":"Wayne","landtype":"County","length":"3.5"}},{"type":"Feature","geometry":{"type":"Point","coordinates":[-78.406872,42.661309]},"properties":{"name":"Beaver Meadow Audubon Center","kind":"trail","pgcoord":"112-C2","county":"Wyoming","landtype":"County","length":"8"}},{"type":"Feature","geometry":{"type":"Point","coordinates":[-78.416333,42.834501]},"properties":{"name":"Finger Lakes Trail - Conservation","kind":"trail","pgcoord":"126-E2","county":"Wyoming","landtype":"County","length":"6.6"}},{"type":"Feature","geometry":{"type":"Point","coordinates":[-77.28462,42.74692]},"properties":{"name":"Admin Access Trail","kind":"trail","pgcoord":"116-B3","county":"Yates","landtype":"County","length":"1.4"}},{"type":"Feature","geometry":{"type":"Point","coordinates":[-77.280386,42.631413]},"properties":{"name":"BHB Trail","kind":"trail","pgcoord":"116-D3","county":"Yates","landtype":"County","length":"7.9"}},{"type":"Feature","geometry":{"type":"Point","coordinates":[-77.280386,42.631413]},"properties":{"name":"Costanza Trail","kind":"trail","pgcoord":"116-D3","county":"Yates","landtype":"County","length":"0.2"}},{"type":"Feature","geometry":{"type":"Point","coordinates":[-77.280386,42.631413]},"properties":{"name":"Finger Lakes Trail - Bristol Hills","kind":"trail","pgcoord":"116-D3","county":"Yates","landtype":"County","length":"9.5"}},{"type":"Feature","geometry":{"type":"Point","coordinates":[-77.094443,42.635077]},"properties":{"name":"Keuka Lake Outlet Trail","kind":"trail","pgcoord":"117-D5","county":"Yates","landtype":"County","length":"7"}},{"type":"Feature","geometry":{"type":"Point","coordinates":[-77.094443,42.635077]},"properties":{"name":"Keuka Outlet Trail","kind":"trail","pgcoord":"117-D5","county":"Yates","landtype":"County","length":"0.9"}},{"type":"Feature","geometry":{"type":"Point","coordinates":[-76.95301,42.695458]},"properties":{"name":"Outlet Trail","kind":"trail","pgcoord":"118-C1","county":"Yates","landtype":"County","length":"5.8"}},{"type":"Feature","geometry":{"type":"Point","coordinates":[-75.543487,42.24825]},"properties":{"name":"Afton Lake","kind":"lake","pgcoord":"89-A5","county":"Chenango"}},{"type":"Feature","geometry":{"type":"Point","coordinates":[-77.780363,42.27356]},"properties":{"name":"Ag-Tech Lake","kind":"lake","pgcoord":"98-E3","county":"Allegany"}},{"type":"Feature","geometry":{"type":"Point","coordinates":[-75.727086,42.131389]},"properties":{"name":"Agfa Lake","kind":"lake","pgcoord":"88-C3","county":"Broome"}},{"type":"Feature","geometry":{"type":"Point","coordinates":[-75.910369,42.014678]},"properties":{"name":"Agwaterra Pond","kind":"pond","pgcoord":"88-E1","county":"Broome"}},{"type":"Feature","geometry":{"type":"Point","coordinates":[-78.251251,43.243942]},"properties":{"name":"Albion Reservoir Number One","kind":"lake","pgcoord":"141-C4","county":"Orleans"}},{"type":"Feature","geometry":{"type":"Point","coordinates":[-78.251251,43.243942]},"properties":{"name":"Albion Reservoir Number Two","kind":"lake","pgcoord":"141-C4","county":"Orleans"}},{"type":"Feature","geometry":{"type":"Point","coordinates":[-78.900142,42.298717]},"properties":{"name":"Albion Pond, New","kind":"pond","pgcoord":"94-D2","county":"Cattaraugus"}},{"type":"Feature","geometry":{"type":"Point","coordinates":[-75.744989,43.634614]},"properties":{"name":"Alder Bed Pond","kind":"pond","pgcoord":"156-B3","county":"Lewis"}},{"type":"Feature","geometry":{"type":"Point","coordinates":[-76.241008,42.242842]},"properties":{"name":"Alexander Lake","kind":"lake","pgcoord":"86-A3","county":"Tioga"}},{"type":"Feature","geometry":{"type":"Point","coordinates":[-75.556359,43.6936]},"properties":{"name":"Alexander Pond","kind":"pond","pgcoord":"157-A5","county":"Lewis"}},{"type":"Feature","geometry":{"type":"Point","coordinates":[-78.971,41.949523]},"properties":{"name":"Allegheny Reservoir","kind":"lake","pgcoord":"76-E1","county":"Cattaraugus"}},{"type":"Feature","geometry":{"type":"Point","coordinates":[-77.962645,42.211237]},"properties":{"name":"Amity Lake","kind":"lake","pgcoord":"80-A1","county":"Allegany"}},{"type":"Feature","geometry":{"type":"Point","coordinates":[-75.824002,42.477741]},"properties":{"name":"Ashcraft Pond","kind":"pond","pgcoord":"106-B2","county":"Chenango"}},{"type":"Feature","geometry":{"type":"Point","coordinates":[-75.464106,44.041028]},"properties":{"name":"Ashcraft Pond","kind":"pond","pgcoord":"165-E6","county":"Lewis"}},{"type":"Feature","geometry":{"type":"Point","coordinates":[-78.22702,42.782037]},"properties":{"name":"Attica Reservoir","kind":"lake","pgcoord":"113-A4","county":"Wyoming"}},{"type":"Feature","geometry":{"type":"Point","coordinates":[-78.230005,42.8399]},"properties":{"name":"Attica Reservoir","kind":"lake","pgcoord":"127-E4","county":"Wyoming"}},{"type":"Feature","geometry":{"type":"Point","coordinates":[-75.451555,42.364429]},"properties":{"name":"Bainbridge Reservoir","kind":"lake","pgcoord":"107-D6","county":"Chenango"}},{"type":"Feature","geometry":{"type":"Point","coordinates":[-77.257539,41.995793]},"properties":{"name":"Baxter Lake","kind":"lake","pgcoord":"82-E3","county":"Steuben"}},{"type":"Feature","geometry":{"type":"Point","coordinates":[-78.004178,42.036838]},"properties":{"name":"Beaver Lake","kind":"lake","pgcoord":"79-D6","county":"Allegany"}},{"type":"Feature","geometry":{"type":"Point","coordinates":[-78.394221,42.430403]},"properties":{"name":"Beaver Lake","kind":"lake","pgcoord":"96-B2","county":"Cattaraugus"}},{"type":"Feature","geometry":{"type":"Point","coordinates":[-75.63387,42.016365]},"properties":{"name":"Beaver Lake","kind":"lake","pgcoord":"89-E4","county":"Broome"}},{"type":"Feature","geometry":{"type":"Point","coordinates":[-76.751879,42.17815]},"properties":{"name":"Beaver Pond","kind":"pond","pgcoord":"84-B3","county":"Chemung"}},{"type":"Feature","geometry":{"type":"Point","coordinates":[-76.151961,42.417076]},"properties":{"name":"Beaver Pond","kind":"pond","pgcoord":"105-C4","county":"Cortland"}},{"type":"Feature","geometry":{"type":"Point","coordinates":[-75.542505,42.13254]},"properties":{"name":"Beaver Pond","kind":"pond","pgcoord":"89-C5","county":"Broome"}},{"type":"Feature","geometry":{"type":"Point","coordinates":[-75.464106,44.041028]},"properties":{"name":"Beaver Pond","kind":"pond","pgcoord":"165-E6","county":"Lewis"}},{"type":"Feature","geometry":{"type":"Point","coordinates":[-76.431456,42.471898]},"properties":{"name":"Beebe Lake","kind":"lake","pgcoord":"104-B1","county":"Tompkins"}},{"type":"Feature","geometry":{"type":"Point","coordinates":[-76.774708,42.987299]},"properties":{"name":"Black Lake","kind":"lake","pgcoord":"132-C3","county":"Seneca"}},{"type":"Feature","geometry":{"type":"Point","coordinates":[-79.235141,42.402325]},"properties":{"name":"Black Pond","kind":"pond","pgcoord":"93-B4","county":"Chautauqua"}},{"type":"Feature","geometry":{"type":"Point","coordinates":[-75.931702,43.460036]},"properties":{"name":"Black Pond","kind":"pond","pgcoord":"156-E1","county":"Oswego"}},{"type":"Feature","geometry":{"type":"Point","coordinates":[-75.731086,42.478315]},"properties":{"name":"Bliven Pond","kind":"pond","pgcoord":"106-B3","county":"Chenango"}},{"type":"Feature","geometry":{"type":"Point","coordinates":[-75.554244,43.462423]},"properties":{"name":"Bloodsucker Lake","kind":"lake","pgcoord":"157-E5","county":"Lewis"}},{"type":"Feature","geometry":{"type":"Point","coordinates":[-75.916884,42.477167]},"properties":{"name":"Bloody Pond","kind":"pond","pgcoord":"106-B1","county":"Cortland"}},{"type":"Feature","geometry":{"type":"Point","coordinates":[-77.813969,43.02423]},"properties":{"name":"Blue Pond","kind":"pond","pgcoord":"128-B3","county":"Monroe"}},{"type":"Feature","geometry":{"type":"Point","coordinates":[-75.449178,42.017493]},"properties":{"name":"Blueberry Lake","kind":"lake","pgcoord":"89-E6","county":"Broome"}},{"type":"Feature","geometry":{"type":"Point","coordinates":[-78.954867,43.164008]},"properties":{"name":"Bond Lake","kind":"lake","pgcoord":"138-D2","county":"Niagara"}},{"type":"Feature","geometry":{"type":"Point","coordinates":[-75.637355,42.363281]},"properties":{"name":"Borden Pond","kind":"pond","pgcoord":"107-D4","county":"Chenango"}},{"type":"Feature","geometry":{"type":"Point","coordinates":[-76.054204,42.12923]},"properties":{"name":"Bosket Lake","kind":"lake","pgcoord":"87-C5","county":"Broome"}},{"type":"Feature","geometry":{"type":"Point","coordinates":[-75.544473,42.363855]},"properties":{"name":"Brackett Lake","kind":"lake","pgcoord":"107-D5","county":"Chenango"}},{"type":"Feature","geometry":{"type":"Point","coordinates":[-75.64208,42.825784]},"properties":{"name":"Bradley Brook Reservoir","kind":"lake","pgcoord":"123-A4","county":"Madison"}},{"type":"Feature","geometry":{"type":"Point","coordinates":[-79.419955,42.395361]},"properties":{"name":"Brocton Reservoir","kind":"lake","pgcoord":"92-B2","county":"Chautauqua"}},{"type":"Feature","geometry":{"type":"Point","coordinates":[-79.295971,41.937643]},"properties":{"name":"Browns Pond","kind":"pond","pgcoord":"74-E3","county":"Chautauqua"}},{"type":"Feature","geometry":{"type":"Point","coordinates":[-76.751879,42.17815]},"properties":{"name":"Buckeys Pond","kind":"pond","pgcoord":"84-B3","county":"Chemung"}},{"type":"Feature","geometry":{"type":"Point","coordinates":[-75.983441,43.517523]},"properties":{"name":"Bud Lee Pond","kind":"pond","pgcoord":"155-D6","county":"Oswego"}},{"type":"Feature","geometry":{"type":"Point","coordinates":[-75.553718,43.404521]},"properties":{"name":"Bullhead Lake","kind":"lake","pgcoord":"151-A5","county":"Oneida"}},{"type":"Feature","geometry":{"type":"Point","coordinates":[-76.960269,42.926676]},"properties":{"name":"Bullhead Pond","kind":"pond","pgcoord":"132-D1","county":"Seneca"}},{"type":"Feature","geometry":{"type":"Point","coordinates":[-75.834902,43.28717]},"properties":{"name":"Bullhead Pond","kind":"pond","pgcoord":"150-C2","county":"Oneida"}},{"type":"Feature","geometry":{"type":"Point","coordinates":[-76.962097,42.984437]},"properties":{"name":"Burnett Pond","kind":"pond","pgcoord":"132-C1","county":"Seneca"}},{"type":"Feature","geometry":{"type":"Point","coordinates":[-79.415897,42.337709]},"properties":{"name":"Burr Reservoir","kind":"lake","pgcoord":"92-C2","county":"Chautauqua"}},{"type":"Feature","geometry":{"type":"Point","coordinates":[-75.643278,42.94148]},"properties":{"name":"Campbell Lakes","kind":"lake","pgcoord":"137-D4","county":"Madison"}},{"type":"Feature","geometry":{"type":"Point","coordinates":[-77.595522,42.278054]},"properties":{"name":"Canisteo Reservoir","kind":"lake","pgcoord":"99-E5","county":"Steuben"}},{"type":"Feature","geometry":{"type":"Point","coordinates":[-75.973297,42.881633]},"properties":{"name":"Carpenter Pond","kind":"pond","pgcoord":"135-E6","county":"Onondaga"}},{"type":"Feature","geometry":{"type":"Point","coordinates":[-75.929955,43.344365]},"properties":{"name":"Carterville Pond","kind":"pond","pgcoord":"150-B1","county":"Oswego"}},{"type":"Feature","geometry":{"type":"Point","coordinates":[-75.8389,43.576222]},"properties":{"name":"Castor Pond","kind":"pond","pgcoord":"156-C2","county":"Oswego"}},{"type":"Feature","geometry":{"type":"Point","coordinates":[-76.673575,42.699724]},"properties":{"name":"Cayuga Lake","kind":"lake","pgcoord":"119-C4","county":"Cayuga"}},{"type":"Feature","geometry":{"type":"Point","coordinates":[-77.811351,42.966497]},"properties":{"name":"Cement Plant Pond","kind":"pond","pgcoord":"128-C3","county":"Livingston"}},{"type":"Feature","geometry":{"type":"Point","coordinates":[-76.444806,43.049921]},"properties":{"name":"Cement Pond","kind":"pond","pgcoord":"134-B1","county":"Onondaga"}},{"type":"Feature","geometry":{"type":"Point","coordinates":[-78.145345,43.015707]},"properties":{"name":"Chapin Pond","kind":"pond","pgcoord":"127-B5","county":"Genesee"}},{"type":"Feature","geometry":{"type":"Point","coordinates":[-75.980661,43.343988]},"properties":{"name":"Chase Pond","kind":"pond","pgcoord":"149-B6","county":"Oswego"}},{"type":"Feature","geometry":{"type":"Point","coordinates":[-75.823259,42.419938]},"properties":{"name":"Cincinnatus Lake","kind":"lake","pgcoord":"106-C2","county":"Chenango"}},{"type":"Feature","geometry":{"type":"Point","coordinates":[-76.990221,42.290259]},"properties":{"name":"Cinnamon Lake","kind":"lake","pgcoord":"101-E6","county":"Schuyler"}},{"type":"Feature","geometry":{"type":"Point","coordinates":[-79.215807,42.113982]},"properties":{"name":"Clay Pond","kind":"pond","pgcoord":"75-B4","county":"Chautauqua"}},{"type":"Feature","geometry":{"type":"Point","coordinates":[-75.910369,42.014678]},"properties":{"name":"Clines Pond","kind":"pond","pgcoord":"88-E1","county":"Broome"}},{"type":"Feature","geometry":{"type":"Point","coordinates":[-75.930833,43.402153]},"properties":{"name":"Coan Pond","kind":"pond","pgcoord":"150-A1","county":"Oswego"}},{"type":"Feature","geometry":{"type":"Point","coordinates":[-75.930833,43.402153]},"properties":{"name":"Coan Pond, Little","kind":"pond","pgcoord":"150-A1","county":"Oswego"}},{"type":"Feature","geometry":{"type":"Point","coordinates":[-75.834902,43.28717]},"properties":{"name":"Cody Pond","kind":"pond","pgcoord":"150-C2","county":"Oneida"}},{"type":"Feature","geometry":{"type":"Point","coordinates":[-76.343499,42.704134]},"properties":{"name":"Como, Lake","kind":"lake","pgcoord":"120-C2","county":"Cayuga"}},{"type":"Feature","geometry":{"type":"Point","coordinates":[-77.710533,42.795463]},"properties":{"name":"Conesus Lake","kind":"lake","pgcoord":"115-A4","county":"Livingston"}},{"type":"Feature","geometry":{"type":"Point","coordinates":[-77.263683,42.169172]},"properties":{"name":"Cranberry Pond","kind":"pond","pgcoord":"82-B3","county":"Steuben"}},{"type":"Feature","geometry":{"type":"Point","coordinates":[-76.176026,43.688769]},"properties":{"name":"Cranberry Pond","kind":"pond","pgcoord":"155-A4","county":"Jefferson"}},{"type":"Feature","geometry":{"type":"Point","coordinates":[-77.733592,43.315281]},"properties":{"name":"Cranberry Pond","kind":"pond","pgcoord":"143-B4","county":"Monroe"}},{"type":"Feature","geometry":{"type":"Point","coordinates":[-76.358688,43.397693]},"properties":{"name":"Crooks Pond","kind":"pond","pgcoord":"148-A2","county":"Oswego"}},{"type":"Feature","geometry":{"type":"Point","coordinates":[-76.778015,43.10282]},"properties":{"name":"Crusoe Lake","kind":"lake","pgcoord":"132-A3","county":"Wayne"}},{"type":"Feature","geometry":{"type":"Point","coordinates":[-78.304511,42.490817]},"properties":{"name":"Crystal Lake","kind":"lake","pgcoord":"96-A3","county":"Allegany"}},{"type":"Feature","geometry":{"type":"Point","coordinates":[-77.700499,42.564556]},"properties":{"name":"Dansville Reservoir","kind":"lake","pgcoord":"115-E4","county":"Livingston"}},{"type":"Feature","geometry":{"type":"Point","coordinates":[-77.60514,42.508945]},"properties":{"name":"Daybrook Pond","kind":"pond","pgcoord":"99-A5","county":"Steuben"}},{"type":"Feature","geometry":{"type":"Point","coordinates":[-75.966073,42.419056]},"properties":{"name":"Dean Pond","kind":"pond","pgcoord":"105-C6","county":"Cortland"}},{"type":"Feature","geometry":{"type":"Point","coordinates":[-75.542014,42.074722]},"properties":{"name":"Deer Lake","kind":"lake","pgcoord":"89-D5","county":"Broome"}},{"type":"Feature","geometry":{"type":"Point","coordinates":[-75.74356,43.519025]},"properties":{"name":"Deer Pond","kind":"pond","pgcoord":"156-D3","county":"Lewis"}},{"type":"Feature","geometry":{"type":"Point","coordinates":[-75.732454,42.594035]},"properties":{"name":"Deer Pond","kind":"pond","pgcoord":"122-E3","county":"Chenango"}},{"type":"Feature","geometry":{"type":"Point","coordinates":[-77.455317,42.338919]},"properties":{"name":"Demons, Lake","kind":"lake","pgcoord":"100-D1","county":"Steuben"}},{"type":"Feature","geometry":{"type":"Point","coordinates":[-78.145345,43.015707]},"properties":{"name":"Dewitt Pond","kind":"pond","pgcoord":"127-B5","county":"Genesee"}},{"type":"Feature","geometry":{"type":"Point","coordinates":[-76.424934,42.183095]},"properties":{"name":"Diana, Lake","kind":"lake","pgcoord":"86-B1","county":"Tioga"}},{"type":"Feature","geometry":{"type":"Point","coordinates":[-78.429098,43.065302]},"properties":{"name":"Divers Lake","kind":"lake","pgcoord":"126-A2","county":"Genesee"}},{"type":"Feature","geometry":{"type":"Point","coordinates":[-76.562973,42.007493]},"properties":{"name":"Dodge Pond","kind":"pond","pgcoord":"85-E5","county":"Chemung"}},{"type":"Feature","geometry":{"type":"Point","coordinates":[-75.464558,44.098805]},"properties":{"name":"Doherty Pond","kind":"pond","pgcoord":"165-D6","county":"Lewis"}},{"type":"Feature","geometry":{"type":"Point","coordinates":[-75.46501,44.156583]},"properties":{"name":"Dority Pond","kind":"pond","pgcoord":"165-C6","county":"Lewis"}},{"type":"Feature","geometry":{"type":"Point","coordinates":[-77.263683,42.169172]},"properties":{"name":"Duck Pond","kind":"pond","pgcoord":"82-B3","county":"Steuben"}},{"type":"Feature","geometry":{"type":"Point","coordinates":[-77.542585,43.262173]},"properties":{"name":"Durand Lake","kind":"lake","pgcoord":"143-C6","county":"Monroe"}},{"type":"Feature","geometry":{"type":"Point","coordinates":[-75.929078,43.286577]},"properties":{"name":"Dutcher Pond","kind":"pond","pgcoord":"150-C1","county":"Oswego"}},{"type":"Feature","geometry":{"type":"Point","coordinates":[-75.548007,42.76856]},"properties":{"name":"Earlville Lake","kind":"lake","pgcoord":"123-B5","county":"Madison"}},{"type":"Feature","geometry":{"type":"Point","coordinates":[-75.548007,42.76856]},"properties":{"name":"Earlville Reservoir","kind":"lake","pgcoord":"123-B5","county":"Madison"}},{"type":"Feature","geometry":{"type":"Point","coordinates":[-76.87722,43.2749]},"properties":{"name":"East Bay","kind":"lake","pgcoord":"146-C2","county":"Wayne"}},{"type":"Feature","geometry":{"type":"Point","coordinates":[-75.822515,42.362136]},"properties":{"name":"Echo Lake","kind":"lake","pgcoord":"106-D2","county":"Chenango"}},{"type":"Feature","geometry":{"type":"Point","coordinates":[-75.54397,42.306052]},"properties":{"name":"Echo Lake","kind":"lake","pgcoord":"107-E5","county":"Chenango"}},{"type":"Feature","geometry":{"type":"Point","coordinates":[-75.931702,43.460036]},"properties":{"name":"Edick Pond","kind":"pond","pgcoord":"156-E1","county":"Oswego"}},{"type":"Feature","geometry":{"type":"Point","coordinates":[-78.467952,42.081436]},"properties":{"name":"Egstrom Pond","kind":"pond","pgcoord":"78-C1","county":"Cattaraugus"}},{"type":"Feature","geometry":{"type":"Point","coordinates":[-75.642677,42.883685]},"properties":{"name":"Electric Light Pond","kind":"pond","pgcoord":"137-E4","county":"Madison"}},{"type":"Feature","geometry":{"type":"Point","coordinates":[-75.916884,42.477167]},"properties":{"name":"Ellis Lake","kind":"lake","pgcoord":"106-B1","county":"Cortland"}},{"type":"Feature","geometry":{"type":"Point","coordinates":[-76.842704,42.118957]},"properties":{"name":"Elmira Reservoir","kind":"lake","pgcoord":"84-C2","county":"Chemung"}},{"type":"Feature","geometry":{"type":"Point","coordinates":[-76.424934,42.183095]},"properties":{"name":"Empire Lake","kind":"lake","pgcoord":"86-B1","county":"Tioga"}},{"type":"Feature","geometry":{"type":"Point","coordinates":[-79.440429,42.68362]},"properties":{"name":"Erie, Lake","kind":"lake","pgcoord":"108-B2","county":"Chautauqua"}},{"type":"Feature","geometry":{"type":"Point","coordinates":[-77.171627,42.170965]},"properties":{"name":"Erwin Pond","kind":"pond","pgcoord":"83-B4","county":"Steuben"}},{"type":"Feature","geometry":{"type":"Point","coordinates":[-77.478146,42.916601]},"properties":{"name":"Fairport Reservoirs","kind":"lake","pgcoord":"130-D1","county":"Ontario"}},{"type":"Feature","geometry":{"type":"Point","coordinates":[-75.740719,43.287763]},"properties":{"name":"Faulkner Ponds","kind":"pond","pgcoord":"150-C3","county":"Oneida"}},{"type":"Feature","geometry":{"type":"Point","coordinates":[-75.64208,42.825784]},"properties":{"name":"Fisk Marsh","kind":"lake","pgcoord":"123-A4","county":"Madison"}},{"type":"Feature","geometry":{"type":"Point","coordinates":[-75.542014,42.074722]},"properties":{"name":"Fly Pond","kind":"pond","pgcoord":"89-D5","county":"Broome"}},{"type":"Feature","geometry":{"type":"Point","coordinates":[-77.870186,42.213449]},"properties":{"name":"Foster Lake","kind":"lake","pgcoord":"80-A2","county":"Allegany"}},{"type":"Feature","geometry":{"type":"Point","coordinates":[-76.841033,42.061123]},"properties":{"name":"Foster Pond","kind":"pond","pgcoord":"84-D2","county":"Chemung"}},{"type":"Feature","geometry":{"type":"Point","coordinates":[-75.929078,43.286577]},"properties":{"name":"Francis Pond","kind":"pond","pgcoord":"150-C1","county":"Oswego"}},{"type":"Feature","geometry":{"type":"Point","coordinates":[-79.327358,42.39885]},"properties":{"name":"Fredonia Reservoir","kind":"lake","pgcoord":"92-B3","county":"Chautauqua"}},{"type":"Feature","geometry":{"type":"Point","coordinates":[-76.075989,43.400742]},"properties":{"name":"Fritz Pond","kind":"pond","pgcoord":"149-A5","county":"Oswego"}},{"type":"Feature","geometry":{"type":"Point","coordinates":[-78.486973,42.427738]},"properties":{"name":"Frog Pond","kind":"pond","pgcoord":"96-B1","county":"Cattaraugus"}},{"type":"Feature","geometry":{"type":"Point","coordinates":[-76.159477,42.821712]},"properties":{"name":"Gatehouse Pond","kind":"pond","pgcoord":"121-A4","county":"Onondaga"}},{"type":"Feature","geometry":{"type":"Point","coordinates":[-76.960269,42.926676]},"properties":{"name":"Gem Lake","kind":"lake","pgcoord":"132-D1","county":"Seneca"}},{"type":"Feature","geometry":{"type":"Point","coordinates":[-75.731749,42.536118]},"properties":{"name":"Genegantslet Lake","kind":"lake","pgcoord":"106-A3","county":"Chenango"}},{"type":"Feature","geometry":{"type":"Point","coordinates":[-75.544975,42.421658]},"properties":{"name":"Gerry, Lake","kind":"lake","pgcoord":"107-C5","county":"Chenango"}},{"type":"Feature","geometry":{"type":"Point","coordinates":[-75.836482,43.402746]},"properties":{"name":"Gifford Lake","kind":"lake","pgcoord":"150-A2","county":"Oneida"}},{"type":"Feature","geometry":{"type":"Point","coordinates":[-78.145345,43.015707]},"properties":{"name":"Godfrey Pond","kind":"pond","pgcoord":"127-B5","county":"Genesee"}},{"type":"Feature","geometry":{"type":"Point","coordinates":[-76.157322,42.706128]},"properties":{"name":"Goodale Lake","kind":"lake","pgcoord":"121-C4","county":"Cortland"}},{"type":"Feature","geometry":{"type":"Point","coordinates":[-76.26315,43.340942]},"properties":{"name":"Goodfellows Pond","kind":"pond","pgcoord":"148-B3","county":"Oswego"}},{"type":"Feature","geometry":{"type":"Point","coordinates":[-77.263683,42.169172]},"properties":{"name":"Goodhue Lake","kind":"lake","pgcoord":"82-B3","county":"Steuben"}},{"type":"Feature","geometry":{"type":"Point","coordinates":[-76.176026,43.688769]},"properties":{"name":"Goose Pond","kind":"pond","pgcoord":"155-A4","county":"Jefferson"}},{"type":"Feature","geometry":{"type":"Point","coordinates":[-75.834902,43.28717]},"properties":{"name":"Gorton Pond","kind":"pond","pgcoord":"150-C2","county":"Oneida"}},{"type":"Feature","geometry":{"type":"Point","coordinates":[-78.22702,42.782037]},"properties":{"name":"Gouinlocks Pond","kind":"pond","pgcoord":"113-A4","county":"Wyoming"}},{"type":"Feature","geometry":{"type":"Point","coordinates":[-75.983441,43.517523]},"properties":{"name":"Gowdy Pond","kind":"pond","pgcoord":"155-D6","county":"Oswego"}},{"type":"Feature","geometry":{"type":"Point","coordinates":[-76.170391,43.399724]},"properties":{"name":"Grays Millpond","kind":"lake","pgcoord":"149-A4","county":"Oswego"}},{"type":"Feature","geometry":{"type":"Point","coordinates":[-76.068939,42.996178]},"properties":{"name":"Green Lake","kind":"lake","pgcoord":"135-C5","county":"Onondaga"}},{"type":"Feature","geometry":{"type":"Point","coordinates":[-78.203185,42.320262]},"properties":{"name":"Hanging Bog","kind":"lake","pgcoord":"97-D4","county":"Allegany"}},{"type":"Feature","geometry":{"type":"Point","coordinates":[-75.64208,42.825784]},"properties":{"name":"Hatch Lake","kind":"lake","pgcoord":"123-A4","county":"Madison"}},{"type":"Feature","geometry":{"type":"Point","coordinates":[-75.63387,42.016365]},"properties":{"name":"Hawkins Pond","kind":"pond","pgcoord":"89-E4","county":"Broome"}},{"type":"Feature","geometry":{"type":"Point","coordinates":[-77.80349,42.793217]},"properties":{"name":"Hemp Pond","kind":"pond","pgcoord":"114-A3","county":"Livingston"}},{"type":"Feature","geometry":{"type":"Point","coordinates":[-76.179443,43.862231]},"properties":{"name":"Henderson Pond","kind":"pond","pgcoord":"159-C4","county":"Jefferson"}},{"type":"Feature","geometry":{"type":"Point","coordinates":[-76.163821,43.052946]},"properties":{"name":"Hiawatha Lake","kind":"lake","pgcoord":"135-B4","county":"Onondaga"}},{"type":"Feature","geometry":{"type":"Point","coordinates":[-75.563441,44.445112]},"properties":{"name":"Hickory Lake","kind":"lake","pgcoord":"169-C5","county":"St. Lawrence"}},{"type":"Feature","geometry":{"type":"Point","coordinates":[-75.916884,42.477167]},"properties":{"name":"High Lake","kind":"lake","pgcoord":"106-B1","county":"Cortland"}},{"type":"Feature","geometry":{"type":"Point","coordinates":[-76.424934,42.183095]},"properties":{"name":"Hill Top Lake","kind":"lake","pgcoord":"86-B1","county":"Tioga"}},{"type":"Feature","geometry":{"type":"Point","coordinates":[-76.238761,42.127274]},"properties":{"name":"Holden Pond","kind":"pond","pgcoord":"86-C3","county":"Tioga"}},{"type":"Feature","geometry":{"type":"Point","coordinates":[-77.600331,42.39341]},"properties":{"name":"Hornell Reservoir Number One","kind":"lake","pgcoord":"99-C5","county":"Steuben"}},{"type":"Feature","geometry":{"type":"Point","coordinates":[-77.600331,42.39341]},"properties":{"name":"Hornell Reservoir Number Three","kind":"lake","pgcoord":"99-C5","county":"Steuben"}},{"type":"Feature","geometry":{"type":"Point","coordinates":[-77.600331,42.39341]},"properties":{"name":"Hornell Reservoir Number Two","kind":"lake","pgcoord":"99-C5","county":"Steuben"}},{"type":"Feature","geometry":{"type":"Point","coordinates":[-78.145345,43.015707]},"properties":{"name":"Horseshoe Lake","kind":"lake","pgcoord":"127-B5","county":"Genesee"}},{"type":"Feature","geometry":{"type":"Point","coordinates":[-77.715601,42.91104]},"properties":{"name":"Horseshoe Pond","kind":"pond","pgcoord":"129-D4","county":"Livingston"}},{"type":"Feature","geometry":{"type":"Point","coordinates":[-75.929955,43.344365]},"properties":{"name":"Hotel Pond","kind":"pond","pgcoord":"150-B1","county":"Oswego"}},{"type":"Feature","geometry":{"type":"Point","coordinates":[-75.740719,43.287763]},"properties":{"name":"Howard Pond","kind":"pond","pgcoord":"150-C3","county":"Oneida"}},{"type":"Feature","geometry":{"type":"Point","coordinates":[-75.931702,43.460036]},"properties":{"name":"Ike Allen Pond","kind":"pond","pgcoord":"156-E1","county":"Oswego"}},{"type":"Feature","geometry":{"type":"Point","coordinates":[-77.489823,43.205573]},"properties":{"name":"Irondequoit Bay","kind":"lake","pgcoord":"144-D1","county":"Monroe"}},{"type":"Feature","geometry":{"type":"Point","coordinates":[-76.430139,42.414112]},"properties":{"name":"Ithaca Reservoir","kind":"lake","pgcoord":"104-C1","county":"Tompkins"}},{"type":"Feature","geometry":{"type":"Point","coordinates":[-75.910369,42.014678]},"properties":{"name":"Jackson Pond","kind":"pond","pgcoord":"88-E1","county":"Broome"}},{"type":"Feature","geometry":{"type":"Point","coordinates":[-75.933504,43.575625]},"properties":{"name":"Jackson Pond","kind":"pond","pgcoord":"156-C1","county":"Oswego"}},{"type":"Feature","geometry":{"type":"Point","coordinates":[-75.824002,42.477741]},"properties":{"name":"Jam Pond","kind":"pond","pgcoord":"106-B2","county":"Chenango"}},{"type":"Feature","geometry":{"type":"Point","coordinates":[-78.133648,42.784714]},"properties":{"name":"Jenkins Pond","kind":"pond","pgcoord":"113-A5","county":"Wyoming"}},{"type":"Feature","geometry":{"type":"Point","coordinates":[-76.478691,42.355781]},"properties":{"name":"Jennings Pond","kind":"pond","pgcoord":"103-D6","county":"Tompkins"}},{"type":"Feature","geometry":{"type":"Point","coordinates":[-78.566393,42.945746]},"properties":{"name":"Jerome, Lake","kind":"lake","pgcoord":"125-C6","county":"Erie"}},{"type":"Feature","geometry":{"type":"Point","coordinates":[-75.464558,44.098805]},"properties":{"name":"Johnson Pond","kind":"pond","pgcoord":"165-D6","county":"Lewis"}},{"type":"Feature","geometry":{"type":"Point","coordinates":[-76.690931,43.335544]},"properties":{"name":"Juniper Pond","kind":"pond","pgcoord":"147-B4","county":"Cayuga"}},{"type":"Feature","geometry":{"type":"Point","coordinates":[-76.962097,42.984437]},"properties":{"name":"Junius Ponds","kind":"pond","pgcoord":"132-C1","county":"Seneca"}},{"type":"Feature","geometry":{"type":"Point","coordinates":[-79.55805,42.332332]},"properties":{"name":"Kent Reservoir","kind":"lake","pgcoord":"91-C6","county":"Chautauqua"}},{"type":"Feature","geometry":{"type":"Point","coordinates":[-75.929078,43.286577]},"properties":{"name":"Kibbie Lake","kind":"lake","pgcoord":"150-C1","county":"Oswego"}},{"type":"Feature","geometry":{"type":"Point","coordinates":[-75.827128,42.709031]},"properties":{"name":"Knapp Pond","kind":"pond","pgcoord":"122-C2","county":"Chenango"}},{"type":"Feature","geometry":{"type":"Point","coordinates":[-76.064943,42.764917]},"properties":{"name":"Labrador Pond","kind":"pond","pgcoord":"121-B5","county":"Cortland"}},{"type":"Feature","geometry":{"type":"Point","coordinates":[-75.449178,42.017493]},"properties":{"name":"Laurel Lake","kind":"lake","pgcoord":"89-E6","county":"Broome"}},{"type":"Feature","geometry":{"type":"Point","coordinates":[-77.995717,42.904239]},"properties":{"name":"LeRoy Reservoir","kind":"lake","pgcoord":"128-D1","county":"Genesee"}},{"type":"Feature","geometry":{"type":"Point","coordinates":[-75.549037,42.884266]},"properties":{"name":"Leland Pond","kind":"pond","pgcoord":"137-E5","county":"Madison"}},{"type":"Feature","geometry":{"type":"Point","coordinates":[-75.549037,42.884266]},"properties":{"name":"Lelands Pond, Upper","kind":"pond","pgcoord":"137-E5","county":"Madison"}},{"type":"Feature","geometry":{"type":"Point","coordinates":[-75.932603,43.51783]},"properties":{"name":"Lighthouse Hill Reservoir aka Lowe","kind":"lake","pgcoord":"156-D1","county":"Oswego"}},{"type":"Feature","geometry":{"type":"Point","coordinates":[-75.820278,42.188634]},"properties":{"name":"Lily Lake","kind":"lake","pgcoord":"88-B2","county":"Broome"}},{"type":"Feature","geometry":{"type":"Point","coordinates":[-76.35993,43.455636]},"properties":{"name":"Lily Pond","kind":"pond","pgcoord":"154-E2","county":"Oswego"}},{"type":"Feature","geometry":{"type":"Point","coordinates":[-78.80763,42.301773]},"properties":{"name":"Linlyco Lake","kind":"lake","pgcoord":"94-D3","county":"Cattaraugus"}},{"type":"Feature","geometry":{"type":"Point","coordinates":[-76.157322,42.706128]},"properties":{"name":"Little York Lake, Lower","kind":"lake","pgcoord":"121-C4","county":"Cortland"}},{"type":"Feature","geometry":{"type":"Point","coordinates":[-76.157322,42.706128]},"properties":{"name":"Little York Lake, Upper","kind":"lake","pgcoord":"121-C4","county":"Cortland"}},{"type":"Feature","geometry":{"type":"Point","coordinates":[-77.614695,42.739994]},"properties":{"name":"Livonia Reservoir","kind":"lake","pgcoord":"115-B5","county":"Livingston"}},{"type":"Feature","geometry":{"type":"Point","coordinates":[-77.718133,42.968764]},"properties":{"name":"Log Pond","kind":"pond","pgcoord":"129-C4","county":"Monroe"}},{"type":"Feature","geometry":{"type":"Point","coordinates":[-77.528386,42.915583]},"properties":{"name":"Long Pond","kind":"pond","pgcoord":"129-D6","county":"Ontario"}},{"type":"Feature","geometry":{"type":"Point","coordinates":[-75.931702,43.460036]},"properties":{"name":"Long Pond","kind":"pond","pgcoord":"156-E1","county":"Oswego"}},{"type":"Feature","geometry":{"type":"Point","coordinates":[-77.733592,43.315281]},"properties":{"name":"Long Pond","kind":"pond","pgcoord":"143-B4","county":"Monroe"}},{"type":"Feature","geometry":{"type":"Point","coordinates":[-75.931702,43.460036]},"properties":{"name":"Loraine, Lake","kind":"lake","pgcoord":"156-E1","county":"Oswego"}},{"type":"Feature","geometry":{"type":"Point","coordinates":[-77.457571,42.396672]},"properties":{"name":"Loucks Pond","kind":"pond","pgcoord":"100-C1","county":"Steuben"}},{"type":"Feature","geometry":{"type":"Point","coordinates":[-76.935111,42.117556]},"properties":{"name":"Lowe Pond","kind":"pond","pgcoord":"84-C1","county":"Chemung"}},{"type":"Feature","geometry":{"type":"Point","coordinates":[-78.486973,42.427738]},"properties":{"name":"Lucky Lakes","kind":"lake","pgcoord":"96-B1","county":"Cattaraugus"}},{"type":"Feature","geometry":{"type":"Point","coordinates":[-76.089543,44.152264]},"properties":{"name":"Lucky Star Lake","kind":"lake","pgcoord":"163-C5","county":"Jefferson"}},{"type":"Feature","geometry":{"type":"Point","coordinates":[-75.731086,42.478315]},"properties":{"name":"Ludlow, Lake","kind":"lake","pgcoord":"106-B3","county":"Chenango"}},{"type":"Feature","geometry":{"type":"Point","coordinates":[-75.455816,42.942643]},"properties":{"name":"Lyons Pond","kind":"pond","pgcoord":"137-D6","county":"Oneida"}},{"type":"Feature","geometry":{"type":"Point","coordinates":[-75.647535,43.346141]},"properties":{"name":"Mack Pond","kind":"pond","pgcoord":"151-B4","county":"Oneida"}},{"type":"Feature","geometry":{"type":"Point","coordinates":[-75.549037,42.884266]},"properties":{"name":"Madison Lake","kind":"lake","pgcoord":"137-E5","county":"Madison"}},{"type":"Feature","geometry":{"type":"Point","coordinates":[-75.542505,42.13254]},"properties":{"name":"Marsh Pond","kind":"pond","pgcoord":"89-C5","county":"Broome"}},{"type":"Feature","geometry":{"type":"Point","coordinates":[-75.638521,42.478887]},"properties":{"name":"McCall Pond","kind":"pond","pgcoord":"107-B4","county":"Chenango"}},{"type":"Feature","geometry":{"type":"Point","coordinates":[-78.063137,43.249408]},"properties":{"name":"McCargo Lake","kind":"lake","pgcoord":"141-C6","county":"Orleans"}},{"type":"Feature","geometry":{"type":"Point","coordinates":[-75.648781,43.461825]},"properties":{"name":"McCarthys Lake","kind":"lake","pgcoord":"157-E4","county":"Lewis"}},{"type":"Feature","geometry":{"type":"Point","coordinates":[-76.596621,43.336997]},"properties":{"name":"McMullen Pond","kind":"pond","pgcoord":"147-B5","county":"Oswego"}},{"type":"Feature","geometry":{"type":"Point","coordinates":[-75.546466,42.59518]},"properties":{"name":"Mead Pond","kind":"pond","pgcoord":"123-E5","county":"Chenango"}},{"type":"Feature","geometry":{"type":"Point","coordinates":[-77.02001,43.214957]},"properties":{"name":"Metz Pond","kind":"pond","pgcoord":"145-D6","county":"Wayne"}},{"type":"Feature","geometry":{"type":"Point","coordinates":[-78.435566,43.180793]},"properties":{"name":"Middleport Reservoir","kind":"lake","pgcoord":"140-D2","county":"Orleans"}},{"type":"Feature","geometry":{"type":"Point","coordinates":[-77.086737,42.403943]},"properties":{"name":"Mill Pond","kind":"pond","pgcoord":"101-C5","county":"Schuyler"}},{"type":"Feature","geometry":{"type":"Point","coordinates":[-75.728393,42.247072]},"properties":{"name":"Mill Pond","kind":"pond","pgcoord":"88-A3","county":"Broome"}},{"type":"Feature","geometry":{"type":"Point","coordinates":[-78.054464,43.076113]},"properties":{"name":"Mill Pond","kind":"pond","pgcoord":"127-A6","county":"Genesee"}},{"type":"Feature","geometry":{"type":"Point","coordinates":[-76.74871,42.062532]},"properties":{"name":"Miller Pond","kind":"pond","pgcoord":"84-D3","county":"Chemung"}},{"type":"Feature","geometry":{"type":"Point","coordinates":[-78.37874,42.14178]},"properties":{"name":"Millers Pond","kind":"pond","pgcoord":"78-B2","county":"Cattaraugus"}},{"type":"Feature","geometry":{"type":"Point","coordinates":[-76.779711,43.161005]},"properties":{"name":"Millpond","kind":"lake","pgcoord":"146-E3","county":"Wayne"}},{"type":"Feature","geometry":{"type":"Point","coordinates":[-79.553865,42.274739]},"properties":{"name":"Minton Reservoir","kind":"lake","pgcoord":"91-D6","county":"Chautauqua"}},{"type":"Feature","geometry":{"type":"Point","coordinates":[-75.910369,42.014678]},"properties":{"name":"Monahan Pond","kind":"pond","pgcoord":"88-E1","county":"Broome"}},{"type":"Feature","geometry":{"type":"Point","coordinates":[-78.304511,42.490817]},"properties":{"name":"Moores Pond","kind":"pond","pgcoord":"96-A3","county":"Allegany"}},{"type":"Feature","geometry":{"type":"Point","coordinates":[-75.54852,42.826365]},"properties":{"name":"Moraine, Lake","kind":"lake","pgcoord":"123-A5","county":"Madison"}},{"type":"Feature","geometry":{"type":"Point","coordinates":[-75.967859,42.534628]},"properties":{"name":"Moscript Pond","kind":"pond","pgcoord":"105-A6","county":"Cortland"}},{"type":"Feature","geometry":{"type":"Point","coordinates":[-75.982468,43.459754]},"properties":{"name":"Mosher Pond","kind":"pond","pgcoord":"155-E6","county":"Oswego"}},{"type":"Feature","geometry":{"type":"Point","coordinates":[-78.206145,42.377983]},"properties":{"name":"Moss Lake","kind":"lake","pgcoord":"97-C4","county":"Allegany"}},{"type":"Feature","geometry":{"type":"Point","coordinates":[-79.323383,42.341198]},"properties":{"name":"Mud Lake","kind":"lake","pgcoord":"92-C3","county":"Chautauqua"}},{"type":"Feature","geometry":{"type":"Point","coordinates":[-77.602736,42.451155]},"properties":{"name":"Mud Lake","kind":"lake","pgcoord":"99-B5","county":"Steuben"}},{"type":"Feature","geometry":{"type":"Point","coordinates":[-77.276146,42.515816]},"properties":{"name":"Mud Lake","kind":"lake","pgcoord":"100-A3","county":"Steuben"}},{"type":"Feature","geometry":{"type":"Point","coordinates":[-75.562878,44.387343]},"properties":{"name":"Mud Lake","kind":"lake","pgcoord":"169-D5","county":"St. Lawrence"}},{"type":"Feature","geometry":{"type":"Point","coordinates":[-75.554244,43.462423]},"properties":{"name":"Mud Lake","kind":"lake","pgcoord":"157-E5","county":"Lewis"}},{"type":"Feature","geometry":{"type":"Point","coordinates":[-79.142476,42.405816]},"properties":{"name":"Mud Lake, East","kind":"lake","pgcoord":"93-B5","county":"Chautauqua"}},{"type":"Feature","geometry":{"type":"Point","coordinates":[-79.142476,42.405816]},"properties":{"name":"Mud Lake, West","kind":"lake","pgcoord":"93-B5","county":"Chautauqua"}},{"type":"Feature","geometry":{"type":"Point","coordinates":[-76.246736,42.531663]},"properties":{"name":"Mud Pond","kind":"pond","pgcoord":"104-A3","county":"Cortland"}},{"type":"Feature","geometry":{"type":"Point","coordinates":[-75.541523,42.016929]},"properties":{"name":"Mud Pond","kind":"pond","pgcoord":"89-E5","county":"Broome"}},{"type":"Feature","geometry":{"type":"Point","coordinates":[-75.544473,42.363855]},"properties":{"name":"Mud Pond","kind":"pond","pgcoord":"107-D5","county":"Chenango"}},{"type":"Feature","geometry":{"type":"Point","coordinates":[-76.44346,42.992143]},"properties":{"name":"Mud Pond","kind":"pond","pgcoord":"134-C1","county":"Onondaga"}},{"type":"Feature","geometry":{"type":"Point","coordinates":[-76.35993,43.455636]},"properties":{"name":"Mud Pond","kind":"pond","pgcoord":"154-E2","county":"Oswego"}},{"type":"Feature","geometry":{"type":"Point","coordinates":[-76.256064,42.994163]},"properties":{"name":"Mud Pond","kind":"pond","pgcoord":"134-C3","county":"Onondaga"}},{"type":"Feature","geometry":{"type":"Point","coordinates":[-76.59813,43.394775]},"properties":{"name":"Mud Pond","kind":"pond","pgcoord":"147-A5","county":"Oswego"}},{"type":"Feature","geometry":{"type":"Point","coordinates":[-76.686134,43.162462]},"properties":{"name":"Mud Pond","kind":"pond","pgcoord":"147-E4","county":"Cayuga"}},{"type":"Feature","geometry":{"type":"Point","coordinates":[-76.592094,43.163927]},"properties":{"name":"Mud Pond","kind":"pond","pgcoord":"147-E5","county":"Cayuga"}},{"type":"Feature","geometry":{"type":"Point","coordinates":[-75.54852,42.826365]},"properties":{"name":"Mud Pond","kind":"pond","pgcoord":"123-A5","county":"Madison"}},{"type":"Feature","geometry":{"type":"Point","coordinates":[-76.145667,42.070463]},"properties":{"name":"Mutton Hill Pond","kind":"pond","pgcoord":"87-D4","county":"Tioga"}},{"type":"Feature","geometry":{"type":"Point","coordinates":[-75.46501,44.156583]},"properties":{"name":"Narrow Lake","kind":"lake","pgcoord":"165-C6","county":"Lewis"}},{"type":"Feature","geometry":{"type":"Point","coordinates":[-76.450287,43.281139]},"properties":{"name":"Neatahwanta, Lake","kind":"lake","pgcoord":"148-C1","county":"Oswego"}},{"type":"Feature","geometry":{"type":"Point","coordinates":[-77.104199,42.924049]},"properties":{"name":"Newark Reservoir","kind":"lake","pgcoord":"131-D5","county":"Ontario"}},{"type":"Feature","geometry":{"type":"Point","coordinates":[-76.176026,43.688769]},"properties":{"name":"North Colwell Pond","kind":"pond","pgcoord":"155-A4","county":"Jefferson"}},{"type":"Feature","geometry":{"type":"Point","coordinates":[-75.544975,42.421658]},"properties":{"name":"North Pond","kind":"pond","pgcoord":"107-C5","county":"Chenango"}},{"type":"Feature","geometry":{"type":"Point","coordinates":[-76.174883,43.631]},"properties":{"name":"North Sandy Pond","kind":"pond","pgcoord":"155-B4","county":"Oswego"}},{"type":"Feature","geometry":{"type":"Point","coordinates":[-77.079126,42.172766]},"properties":{"name":"Northside Reservoir","kind":"lake","pgcoord":"83-B5","county":"Steuben"}},{"type":"Feature","geometry":{"type":"Point","coordinates":[-77.886099,42.560054]},"properties":{"name":"Nunda Reservoir","kind":"lake","pgcoord":"114-E2","county":"Livingston"}},{"type":"Feature","geometry":{"type":"Point","coordinates":[-75.647535,43.346141]},"properties":{"name":"Oneida City Reservoir","kind":"lake","pgcoord":"151-B4","county":"Oneida"}},{"type":"Feature","geometry":{"type":"Point","coordinates":[-75.464558,44.098805]},"properties":{"name":"Onjebonge Pond","kind":"pond","pgcoord":"165-D6","county":"Lewis"}},{"type":"Feature","geometry":{"type":"Point","coordinates":[-75.449178,42.017493]},"properties":{"name":"Ontario, Lake156-A2 Oquaga Lake","kind":"lake","pgcoord":"89-E6","county":"Broome"}},{"type":"Feature","geometry":{"type":"Point","coordinates":[-76.238761,42.127274]},"properties":{"name":"Owego Reservoir","kind":"lake","pgcoord":"86-C3","county":"Tioga"}},{"type":"Feature","geometry":{"type":"Point","coordinates":[-76.358688,43.397693]},"properties":{"name":"Paddy Pond","kind":"pond","pgcoord":"148-A2","county":"Oswego"}},{"type":"Feature","geometry":{"type":"Point","coordinates":[-75.449997,42.133117]},"properties":{"name":"Page Pond","kind":"pond","pgcoord":"89-C6","county":"Broome"}},{"type":"Feature","geometry":{"type":"Point","coordinates":[-77.872928,42.271309]},"properties":{"name":"Palmers Pond","kind":"pond","pgcoord":"98-E2","county":"Allegany"}},{"type":"Feature","geometry":{"type":"Point","coordinates":[-78.102018,42.149648]},"properties":{"name":"Paradise Lake","kind":"lake","pgcoord":"79-B5","county":"Allegany"}},{"type":"Feature","geometry":{"type":"Point","coordinates":[-76.592094,43.163927]},"properties":{"name":"Parker Pond","kind":"pond","pgcoord":"147-E5","county":"Cayuga"}},{"type":"Feature","geometry":{"type":"Point","coordinates":[-75.542996,42.190383]},"properties":{"name":"Perch Pond","kind":"pond","pgcoord":"89-B5","county":"Broome"}},{"type":"Feature","geometry":{"type":"Point","coordinates":[-75.733136,42.651819]},"properties":{"name":"Perkins Pond","kind":"pond","pgcoord":"122-D3","county":"Chenango"}},{"type":"Feature","geometry":{"type":"Point","coordinates":[-77.177545,42.34437]},"properties":{"name":"Peterson Lake","kind":"lake","pgcoord":"101-D4","county":"Steuben"}},{"type":"Feature","geometry":{"type":"Point","coordinates":[-75.821771,42.304333]},"properties":{"name":"Petonia, Lake","kind":"lake","pgcoord":"106-E2","county":"Chenango"}},{"type":"Feature","geometry":{"type":"Point","coordinates":[-78.335393,43.068007]},"properties":{"name":"Phelps Pond","kind":"pond","pgcoord":"126-A3","county":"Genesee"}},{"type":"Feature","geometry":{"type":"Point","coordinates":[-75.635588,42.189799]},"properties":{"name":"Pickerel Pond","kind":"pond","pgcoord":"89-B4","county":"Broome"}},{"type":"Feature","geometry":{"type":"Point","coordinates":[-78.981749,42.122553]},"properties":{"name":"Pickup Lake","kind":"lake","pgcoord":"76-B1","county":"Cattaraugus"}},{"type":"Feature","geometry":{"type":"Point","coordinates":[-76.260762,43.225394]},"properties":{"name":"Pleasant Lake","kind":"lake","pgcoord":"148-D3","county":"Onondaga"}},{"type":"Feature","geometry":{"type":"Point","coordinates":[-75.653783,43.924223]},"properties":{"name":"Pleasant Lake","kind":"lake","pgcoord":"161-B4","county":"Lewis"}},{"type":"Feature","geometry":{"type":"Point","coordinates":[-75.639688,42.594606]},"properties":{"name":"Plymouth Reservoir","kind":"lake","pgcoord":"123-E4","county":"Chenango"}},{"type":"Feature","geometry":{"type":"Point","coordinates":[-75.45452,42.76914]},"properties":{"name":"Poolville Pond","kind":"pond","pgcoord":"123-B6","county":"Madison"}},{"type":"Feature","geometry":{"type":"Point","coordinates":[-76.87722,43.2749]},"properties":{"name":"Port Bay","kind":"lake","pgcoord":"146-C2","county":"Wayne"}},{"type":"Feature","geometry":{"type":"Point","coordinates":[-75.648781,43.461825]},"properties":{"name":"Powlish Pond","kind":"pond","pgcoord":"157-E4","county":"Lewis"}},{"type":"Feature","geometry":{"type":"Point","coordinates":[-77.533105,43.031068]},"properties":{"name":"Quaker Pond","kind":"pond","pgcoord":"129-B6","county":"Monroe"}},{"type":"Feature","geometry":{"type":"Point","coordinates":[-75.464558,44.098805]},"properties":{"name":"Quarry Pond","kind":"pond","pgcoord":"165-D6","county":"Lewis"}},{"type":"Feature","geometry":{"type":"Point","coordinates":[-75.552665,43.288946]},"properties":{"name":"Rapke Pond","kind":"pond","pgcoord":"151-C5","county":"Oneida"}},{"type":"Feature","geometry":{"type":"Point","coordinates":[-76.242147,42.300519]},"properties":{"name":"Rightmire Pond","kind":"pond","pgcoord":"104-E3","county":"Tioga"}},{"type":"Feature","geometry":{"type":"Point","coordinates":[-75.54397,42.306052]},"properties":{"name":"Roberts Pond","kind":"pond","pgcoord":"107-E5","county":"Chenango"}},{"type":"Feature","geometry":{"type":"Point","coordinates":[-78.110538,42.322911]},"properties":{"name":"Rockville Lake","kind":"lake","pgcoord":"97-D5","county":"Allegany"}},{"type":"Feature","geometry":{"type":"Point","coordinates":[-76.34851,42.935375]},"properties":{"name":"Rockwell Springs","kind":"lake","pgcoord":"134-D2","county":"Onondaga"}},{"type":"Feature","geometry":{"type":"Point","coordinates":[-75.726432,42.073584]},"properties":{"name":"Rogers Lake","kind":"lake","pgcoord":"88-D3","county":"Broome"}},{"type":"Feature","geometry":{"type":"Point","coordinates":[-75.458402,43.289539]},"properties":{"name":"Rome Reservoir","kind":"lake","pgcoord":"151-C6","county":"Oneida"}},{"type":"Feature","geometry":{"type":"Point","coordinates":[-77.177545,42.34437]},"properties":{"name":"Round Lake","kind":"lake","pgcoord":"101-D4","county":"Steuben"}},{"type":"Feature","geometry":{"type":"Point","coordinates":[-75.976043,43.054967]},"properties":{"name":"Round Lake","kind":"lake","pgcoord":"135-B6","county":"Onondaga"}},{"type":"Feature","geometry":{"type":"Point","coordinates":[-75.639688,42.594606]},"properties":{"name":"Round Pond","kind":"pond","pgcoord":"123-E4","county":"Chenango"}},{"type":"Feature","geometry":{"type":"Point","coordinates":[-77.526027,42.857863]},"properties":{"name":"Round Pond","kind":"pond","pgcoord":"129-E6","county":"Ontario"}},{"type":"Feature","geometry":{"type":"Point","coordinates":[-75.931702,43.460036]},"properties":{"name":"Round Pond","kind":"pond","pgcoord":"156-E1","county":"Oswego"}},{"type":"Feature","geometry":{"type":"Point","coordinates":[-76.264343,43.398711]},"properties":{"name":"Russ Pond","kind":"pond","pgcoord":"148-A3","county":"Oswego"}},{"type":"Feature","geometry":{"type":"Point","coordinates":[-75.748587,43.923627]},"properties":{"name":"Rutland Lake","kind":"lake","pgcoord":"160-B3","county":"Jefferson"}},{"type":"Feature","geometry":{"type":"Point","coordinates":[-75.932603,43.51783]},"properties":{"name":"Sage Pond","kind":"pond","pgcoord":"156-D1","county":"Oswego"}},{"type":"Feature","geometry":{"type":"Point","coordinates":[-75.750029,44.039203]},"properties":{"name":"Saint James Lake","kind":"lake","pgcoord":"164-E3","county":"Jefferson"}},{"type":"Feature","geometry":{"type":"Point","coordinates":[-75.912819,42.188051]},"properties":{"name":"Saint Johns Pond","kind":"pond","pgcoord":"88-B1","county":"Broome"}},{"type":"Feature","geometry":{"type":"Point","coordinates":[-75.838092,43.518428]},"properties":{"name":"Salmon River (Redfield) Reservoir","kind":"lake","pgcoord":"156-D2","county":"Oswego"}},{"type":"Feature","geometry":{"type":"Point","coordinates":[-77.269862,42.342558]},"properties":{"name":"Salubria, Lake","kind":"lake","pgcoord":"100-D3","county":"Steuben"}},{"type":"Feature","geometry":{"type":"Point","coordinates":[-77.177545,42.34437]},"properties":{"name":"Sanford Lake","kind":"lake","pgcoord":"101-D4","county":"Steuben"}},{"type":"Feature","geometry":{"type":"Point","coordinates":[-77.962645,42.211237]},"properties":{"name":"Saunders Pond","kind":"pond","pgcoord":"80-A1","county":"Allegany"}},{"type":"Feature","geometry":{"type":"Point","coordinates":[-78.790395,42.013264]},"properties":{"name":"Science Lake","kind":"lake","pgcoord":"76-D3","county":"Cattaraugus"}},{"type":"Feature","geometry":{"type":"Point","coordinates":[-75.746429,43.75038]},"properties":{"name":"Sears Pond","kind":"pond","pgcoord":"160-E3","county":"Lewis"}},{"type":"Feature","geometry":{"type":"Point","coordinates":[-78.145345,43.015707]},"properties":{"name":"Seven Springs Pond","kind":"pond","pgcoord":"127-B5","county":"Genesee"}},{"type":"Feature","geometry":{"type":"Point","coordinates":[-75.64208,42.825784]},"properties":{"name":"Seymour Pond","kind":"pond","pgcoord":"123-A4","county":"Madison"}},{"type":"Feature","geometry":{"type":"Point","coordinates":[-77.478146,42.916601]},"properties":{"name":"Shackleton Pond","kind":"pond","pgcoord":"130-D1","county":"Ontario"}},{"type":"Feature","geometry":{"type":"Point","coordinates":[-76.357405,43.339925]},"properties":{"name":"Sharps Pond","kind":"pond","pgcoord":"148-B2","county":"Oswego"}},{"type":"Feature","geometry":{"type":"Point","coordinates":[-75.657591,44.270919]},"properties":{"name":"Sherman Lake","kind":"lake","pgcoord":"165-A4","county":"Jefferson"}},{"type":"Feature","geometry":{"type":"Point","coordinates":[-79.053534,42.466959]},"properties":{"name":"Silver Creek Reservoir","kind":"lake","pgcoord":"93-A6","county":"Cattaraugus"}},{"type":"Feature","geometry":{"type":"Point","coordinates":[-75.931702,43.460036]},"properties":{"name":"Sisley Ponds","kind":"pond","pgcoord":"156-E1","county":"Oswego"}},{"type":"Feature","geometry":{"type":"Point","coordinates":[-78.397342,42.488142]},"properties":{"name":"Skim Lake","kind":"lake","pgcoord":"96-A2","county":"Cattaraugus"}},{"type":"Feature","geometry":{"type":"Point","coordinates":[-75.542014,42.074722]},"properties":{"name":"Sky Lake","kind":"lake","pgcoord":"89-D5","county":"Broome"}},{"type":"Feature","geometry":{"type":"Point","coordinates":[-76.59059,43.105677]},"properties":{"name":"Slayton Pond","kind":"pond","pgcoord":"133-A5","county":"Cayuga"}},{"type":"Feature","geometry":{"type":"Point","coordinates":[-76.25489,42.936385]},"properties":{"name":"Smith Hollow Pond","kind":"pond","pgcoord":"134-D3","county":"Onondaga"}},{"type":"Feature","geometry":{"type":"Point","coordinates":[-77.457571,42.396672]},"properties":{"name":"Smith Pond","kind":"pond","pgcoord":"100-C1","county":"Steuben"}},{"type":"Feature","geometry":{"type":"Point","coordinates":[-75.636161,42.24766]},"properties":{"name":"Smith Pond","kind":"pond","pgcoord":"89-A4","county":"Chenango"}},{"type":"Feature","geometry":{"type":"Point","coordinates":[-75.975128,42.997189]},"properties":{"name":"Snooks Pond","kind":"pond","pgcoord":"135-C6","county":"Onondaga"}},{"type":"Feature","geometry":{"type":"Point","coordinates":[-76.971339,43.273445]},"properties":{"name":"Sodus Bay","kind":"lake","pgcoord":"146-C1","county":"Wayne"}},{"type":"Feature","geometry":{"type":"Point","coordinates":[-76.690931,43.335544]},"properties":{"name":"Sodus Bay, Little","kind":"lake","pgcoord":"147-B4","county":"Cayuga"}},{"type":"Feature","geometry":{"type":"Point","coordinates":[-75.918727,42.592888]},"properties":{"name":"Solon Pond","kind":"pond","pgcoord":"122-E1","county":"Cortland"}},{"type":"Feature","geometry":{"type":"Point","coordinates":[-76.158399,42.763917]},"properties":{"name":"Song Lake","kind":"lake","pgcoord":"121-B4","county":"Cortland"}},{"type":"Feature","geometry":{"type":"Point","coordinates":[-76.176026,43.688769]},"properties":{"name":"South Colwell Pond","kind":"pond","pgcoord":"155-A4","county":"Jefferson"}},{"type":"Feature","geometry":{"type":"Point","coordinates":[-77.478146,42.916601]},"properties":{"name":"South Pond","kind":"pond","pgcoord":"130-D1","county":"Ontario"}},{"type":"Feature","geometry":{"type":"Point","coordinates":[-76.174883,43.631]},"properties":{"name":"South Sandy Pond","kind":"pond","pgcoord":"155-B4","county":"Oswego"}},{"type":"Feature","geometry":{"type":"Point","coordinates":[-77.077239,42.114984]},"properties":{"name":"Southside Reservoir","kind":"lake","pgcoord":"83-C5","county":"Steuben"}},{"type":"Feature","geometry":{"type":"Point","coordinates":[-76.475988,42.240066]},"properties":{"name":"Spencer Lake","kind":"lake","pgcoord":"85-A6","county":"Tioga"}},{"type":"Feature","geometry":{"type":"Point","coordinates":[-78.212066,42.49348]},"properties":{"name":"Spring Lake","kind":"lake","pgcoord":"97-A4","county":"Allegany"}},{"type":"Feature","geometry":{"type":"Point","coordinates":[-78.245112,43.128545]},"properties":{"name":"Stafford Marsh, Upper","kind":"lake","pgcoord":"141-E4","county":"Genesee"}},{"type":"Feature","geometry":{"type":"Point","coordinates":[-76.59059,43.105677]},"properties":{"name":"Stark Pond","kind":"pond","pgcoord":"133-A5","county":"Cayuga"}},{"type":"Feature","geometry":{"type":"Point","coordinates":[-75.740719,43.287763]},"properties":{"name":"Starkweather Pond","kind":"pond","pgcoord":"150-C3","county":"Oneida"}},{"type":"Feature","geometry":{"type":"Point","coordinates":[-75.464558,44.098805]},"properties":{"name":"Steam Mill Pond","kind":"pond","pgcoord":"165-D6","county":"Lewis"}},{"type":"Feature","geometry":{"type":"Point","coordinates":[-75.639104,42.536689]},"properties":{"name":"Steer Pond","kind":"pond","pgcoord":"107-A4","county":"Chenango"}},{"type":"Feature","geometry":{"type":"Point","coordinates":[-78.375703,42.084061]},"properties":{"name":"Stephens Lake","kind":"lake","pgcoord":"78-C2","county":"Cattaraugus"}},{"type":"Feature","geometry":{"type":"Point","coordinates":[-77.475827,42.858864]},"properties":{"name":"Sterling Pond","kind":"pond","pgcoord":"130-E1","county":"Ontario"}},{"type":"Feature","geometry":{"type":"Point","coordinates":[-76.26315,43.340942]},"properties":{"name":"Stewarts Pond","kind":"pond","pgcoord":"148-B3","county":"Oswego"}},{"type":"Feature","geometry":{"type":"Point","coordinates":[-78.892997,42.183261]},"properties":{"name":"Stillson Pond","kind":"pond","pgcoord":"76-A2","county":"Cattaraugus"}},{"type":"Feature","geometry":{"type":"Point","coordinates":[-75.641482,42.767981]},"properties":{"name":"Stone Mill Pond","kind":"pond","pgcoord":"123-B4","county":"Madison"}},{"type":"Feature","geometry":{"type":"Point","coordinates":[-75.916884,42.477167]},"properties":{"name":"Stump Pond","kind":"pond","pgcoord":"106-B1","county":"Cortland"}},{"type":"Feature","geometry":{"type":"Point","coordinates":[-78.486973,42.427738]},"properties":{"name":"Sucker Pond","kind":"pond","pgcoord":"96-B1","county":"Cattaraugus"}},{"type":"Feature","geometry":{"type":"Point","coordinates":[-75.541523,42.016929]},"properties":{"name":"Summit Lake","kind":"lake","pgcoord":"89-E5","county":"Broome"}},{"type":"Feature","geometry":{"type":"Point","coordinates":[-76.243294,42.358305]},"properties":{"name":"Summit Pond","kind":"pond","pgcoord":"104-D3","county":"Tompkins"}},{"type":"Feature","geometry":{"type":"Point","coordinates":[-75.64448,43.057069]},"properties":{"name":"Sunset Lake","kind":"lake","pgcoord":"137-B4","county":"Madison"}},{"type":"Feature","geometry":{"type":"Point","coordinates":[-76.068939,42.996178]},"properties":{"name":"Syracuse Reservoir, East","kind":"lake","pgcoord":"135-C5","county":"Onondaga"}},{"type":"Feature","geometry":{"type":"Point","coordinates":[-75.543487,42.24825]},"properties":{"name":"Taft Pond","kind":"pond","pgcoord":"89-A5","county":"Chenango"}},{"type":"Feature","geometry":{"type":"Point","coordinates":[-75.544975,42.421658]},"properties":{"name":"Tank Pond","kind":"pond","pgcoord":"107-C5","county":"Chenango"}},{"type":"Feature","geometry":{"type":"Point","coordinates":[-75.54852,42.826365]},"properties":{"name":"Taylor Lake","kind":"lake","pgcoord":"123-A5","county":"Madison"}},{"type":"Feature","geometry":{"type":"Point","coordinates":[-75.646307,43.230565]},"properties":{"name":"Teelins Pond","kind":"pond","pgcoord":"151-D4","county":"Oneida"}},{"type":"Feature","geometry":{"type":"Point","coordinates":[-76.261956,43.283169]},"properties":{"name":"Temalo, Lake","kind":"lake","pgcoord":"148-C3","county":"Oswego"}},{"type":"Feature","geometry":{"type":"Point","coordinates":[-77.265731,42.226914]},"properties":{"name":"Thurston Pond","kind":"pond","pgcoord":"82-A3","county":"Steuben"}},{"type":"Feature","geometry":{"type":"Point","coordinates":[-78.718919,42.362499]},"properties":{"name":"Timber Lake","kind":"lake","pgcoord":"95-C4","county":"Cattaraugus"}},{"type":"Feature","geometry":{"type":"Point","coordinates":[-75.735181,42.825205]},"properties":{"name":"Torpy Pond","kind":"pond","pgcoord":"122-A3","county":"Madison"}},{"type":"Feature","geometry":{"type":"Point","coordinates":[-76.159477,42.821712]},"properties":{"name":"Tracy Lake","kind":"lake","pgcoord":"121-A4","county":"Onondaga"}},{"type":"Feature","geometry":{"type":"Point","coordinates":[-76.480056,42.41355]},"properties":{"name":"Treman, Lake","kind":"lake","pgcoord":"103-C6","county":"Tompkins"}},{"type":"Feature","geometry":{"type":"Point","coordinates":[-75.544975,42.421658]},"properties":{"name":"Trestle Lake","kind":"lake","pgcoord":"107-C5","county":"Chenango"}},{"type":"Feature","geometry":{"type":"Point","coordinates":[-75.910369,42.014678]},"properties":{"name":"Tripps Pond","kind":"pond","pgcoord":"88-E1","county":"Broome"}},{"type":"Feature","geometry":{"type":"Point","coordinates":[-75.728393,42.247072]},"properties":{"name":"Truitt Pond","kind":"pond","pgcoord":"88-A3","county":"Broome"}},{"type":"Feature","geometry":{"type":"Point","coordinates":[-78.292349,42.259932]},"properties":{"name":"Van Der Linden Pond","kind":"pond","pgcoord":"96-E3","county":"Allegany"}},{"type":"Feature","geometry":{"type":"Point","coordinates":[-77.177545,42.34437]},"properties":{"name":"Van Keuren Lake","kind":"lake","pgcoord":"101-D4","county":"Steuben"}},{"type":"Feature","geometry":{"type":"Point","coordinates":[-75.729096,42.304907]},"properties":{"name":"Van Valkenburgh Pond","kind":"pond","pgcoord":"106-E3","county":"Chenango"}},{"type":"Feature","geometry":{"type":"Point","coordinates":[-75.9282,43.22879]},"properties":{"name":"Vanderkamp Lake","kind":"lake","pgcoord":"150-D1","county":"Oswego"}},{"type":"Feature","geometry":{"type":"Point","coordinates":[-78.471072,42.139154]},"properties":{"name":"Vee Pond","kind":"pond","pgcoord":"78-B1","county":"Cattaraugus"}},{"type":"Feature","geometry":{"type":"Point","coordinates":[-75.637355,42.363281]},"properties":{"name":"Warn Lake","kind":"lake","pgcoord":"107-D4","county":"Chenango"}},{"type":"Feature","geometry":{"type":"Point","coordinates":[-76.562973,42.007493]},"properties":{"name":"Waverly Reservoirs","kind":"lake","pgcoord":"85-E5","county":"Chemung"}},{"type":"Feature","geometry":{"type":"Point","coordinates":[-76.162733,42.995168]},"properties":{"name":"Webster Pond","kind":"pond","pgcoord":"135-C4","county":"Onondaga"}},{"type":"Feature","geometry":{"type":"Point","coordinates":[-76.842704,42.118957]},"properties":{"name":"Weyer Pond","kind":"pond","pgcoord":"84-C2","county":"Chemung"}},{"type":"Feature","geometry":{"type":"Point","coordinates":[-75.929955,43.344365]},"properties":{"name":"Whipple Pond","kind":"pond","pgcoord":"150-B1","county":"Oswego"}},{"type":"Feature","geometry":{"type":"Point","coordinates":[-75.63387,42.016365]},"properties":{"name":"White Birch Lake","kind":"lake","pgcoord":"89-E4","county":"Broome"}},{"type":"Feature","geometry":{"type":"Point","coordinates":[-76.068939,42.996178]},"properties":{"name":"White Lake","kind":"lake","pgcoord":"135-C5","county":"Onondaga"}},{"type":"Feature","geometry":{"type":"Point","coordinates":[-75.982468,43.459754]},"properties":{"name":"Whitney Pond","kind":"pond","pgcoord":"155-E6","county":"Oswego"}},{"type":"Feature","geometry":{"type":"Point","coordinates":[-77.018102,43.157212]},"properties":{"name":"Wildlife Marsh Pond","kind":"pond","pgcoord":"145-E6","county":"Wayne"}},{"type":"Feature","geometry":{"type":"Point","coordinates":[-75.54852,42.826365]},"properties":{"name":"Woodman Pond","kind":"pond","pgcoord":"123-A5","county":"Madison"}},{"type":"Feature","geometry":{"type":"Point","coordinates":[-77.924215,43.368402]},"properties":{"name":"Yanty Marsh","kind":"lake","pgcoord":"142-A2","county":"Monroe"}},{"type":"Feature","geometry":{"type":"Point","coordinates":[-76.331201,42.126295]},"properties":{"name":"Zorn Pond","kind":"pond","pgcoord":"86-C2","county":"Tioga"}},{"type":"Feature","geometry":{"type":"Point","coordinates":[-79.633649,42.097797]},"properties":{"name":"Alder Bottom WMA","kind":"wma","pgcoord":"73-B5","county":"Chautauqua","acres":"800","habitat":"Wetland"}},{"type":"Feature","geometry":{"type":"Point","coordinates":[-76.18402,44.093447]},"properties":{"name":"Ashland Flats WMA","kind":"wma","pgcoord":"163-D4","county":"Jefferson","acres":"2,037","habitat":"Upland/Wetland"}},{"type":"Feature","geometry":{"type":"Point","coordinates":[-76.178309,43.804493]},"properties":{"name":"Black Pond WMA","kind":"wma","pgcoord":"159-D4","county":"Jefferson","acres":"526","habitat":"Upland/Wetland"}},{"type":"Feature","geometry":{"type":"Point","coordinates":[-77.733592,43.315281]},"properties":{"name":"Braddock Bay WMA","kind":"wma","pgcoord":"143-B4","county":"Monroe","acres":"2,402","habitat":"Upland/Wetland"}},{"type":"Feature","geometry":{"type":"Point","coordinates":[-75.991963,44.037774]},"properties":{"name":"Brownville WMA","kind":"wma","pgcoord":"163-E6","county":"Jefferson","acres":"243","habitat":"Upland/Wetland"}},{"type":"Feature","geometry":{"type":"Point","coordinates":[-79.231248,42.344673]},"properties":{"name":"Canadaway Creek WMA","kind":"wma","pgcoord":"93-C4","county":"Chautauqua","acres":"2,080","habitat":"Upland"}},{"type":"Feature","geometry":{"type":"Point","coordinates":[-76.771401,42.871777]},"properties":{"name":"Canoga Marsh WMA","kind":"wma","pgcoord":"132-E3","county":"Seneca","acres":"104","habitat":"Wetland"}},{"type":"Feature","geometry":{"type":"Point","coordinates":[-76.849444,42.350179]},"properties":{"name":"Catharine Creek WMA","kind":"wma","pgcoord":"102-D2","county":"Schuyler","acres":"660","habitat":"Wetland"}},{"type":"Feature","geometry":{"type":"Point","coordinates":[-76.773054,42.929538]},"properties":{"name":"Cayuga Lake WMA","kind":"wma","pgcoord":"132-D3","county":"Seneca","acres":"225","habitat":"Wetland"}},{"type":"Feature","geometry":{"type":"Point","coordinates":[-76.07193,43.169636]},"properties":{"name":"Cicero Swamp WMA","kind":"wma","pgcoord":"149-E5","county":"Onondaga","acres":"3,787","habitat":"Upland/Wetland"}},{"type":"Feature","geometry":{"type":"Point","coordinates":[-77.271956,42.400311]},"properties":{"name":"Cold Brook WMA","kind":"wma","pgcoord":"100-C3","county":"Steuben","acres":"116","habitat":"Wetland"}},{"type":"Feature","geometry":{"type":"Point","coordinates":[-75.945355,44.327128]},"properties":{"name":"Collins Landing WMA","kind":"wma","pgcoord":"168-E1","county":"Jefferson","acres":"51","habitat":"Forested"}},{"type":"Feature","geometry":{"type":"Point","coordinates":[-77.705516,42.680009]},"properties":{"name":"Conesus Inlet WMA","kind":"wma","pgcoord":"115-C4","county":"Livingston","acres":"1,120","habitat":"Wetland"}},{"type":"Feature","geometry":{"type":"Point","coordinates":[-78.985332,42.180229]},"properties":{"name":"Conewango Swamp WMA","kind":"wma","pgcoord":"76-A1","county":"Cattaraugus","acres":"900","habitat":"Wetland"}},{"type":"Feature","geometry":{"type":"Point","coordinates":[-76.664332,42.352976]},"properties":{"name":"Connecticut Hill WMA","kind":"wma","pgcoord":"103-D4","county":"Tompkins","acres":"11,645","habitat":"Upland"}},{"type":"Feature","geometry":{"type":"Point","coordinates":[-75.849524,44.327742]},"properties":{"name":"Cranberry Creek WMA","kind":"wma","pgcoord":"168-E2","county":"Jefferson","acres":"13","habitat":"Forested wetland"}},{"type":"Feature","geometry":{"type":"Point","coordinates":[-76.446153,43.107698]},"properties":{"name":"Cross Lake Islands WMA","kind":"wma","pgcoord":"134-A1","county":"Cayuga","acres":"32","habitat":"Wetland"}},{"type":"Feature","geometry":{"type":"Point","coordinates":[-76.356122,43.282154]},"properties":{"name":"Curtiss Gale WMA","kind":"wma","pgcoord":"148-C2","county":"Oswego","acres":"45","habitat":"Wetland"}},{"type":"Feature","geometry":{"type":"Point","coordinates":[-76.17374,43.57323]},"properties":{"name":"Deer Creek Marsh WMA","kind":"wma","pgcoord":"155-C4","county":"Oswego","acres":"1,195","habitat":"Upland/Wetland"}},{"type":"Feature","geometry":{"type":"Point","coordinates":[-76.086374,43.978793]},"properties":{"name":"Dexter Marsh WMA","kind":"wma","pgcoord":"159-A5","county":"Jefferson","acres":"1,339","habitat":"Wetland"}},{"type":"Feature","geometry":{"type":"Point","coordinates":[-77.171627,42.170965]},"properties":{"name":"Erwin WMA","kind":"wma","pgcoord":"83-B4","county":"Steuben","acres":"2,500","habitat":"Upland"}},{"type":"Feature","geometry":{"type":"Point","coordinates":[-75.564003,44.502889]},"properties":{"name":"Fish Creek WMA","kind":"wma","pgcoord":"169-B5","county":"St. Lawrence","acres":"4,438","habitat":"Upland/Wetland"}},{"type":"Feature","geometry":{"type":"Point","coordinates":[-76.090602,44.210033]},"properties":{"name":"French Creek WMA","kind":"wma","pgcoord":"163-B5","county":"Jefferson","acres":"2,265","habitat":"Upland/Wetland"}},{"type":"Feature","geometry":{"type":"Point","coordinates":[-76.870146,43.043629]},"properties":{"name":"Galen WMA","kind":"wma","pgcoord":"132-B2","county":"Wayne","acres":"712","habitat":"Upland/Wetland"}},{"type":"Feature","geometry":{"type":"Point","coordinates":[-78.029072,42.556617]},"properties":{"name":"Genesee Valley WMA","kind":"wma","pgcoord":"113-E6","county":"Allegany","acres":"717","habitat":"Forested"}},{"type":"Feature","geometry":{"type":"Point","coordinates":[-78.757016,42.997162]},"properties":{"name":"Great Baehre Swamp WMA","kind":"wma","pgcoord":"125-B4","county":"Erie","acres":"271","habitat":"Forested wetland"}},{"type":"Feature","geometry":{"type":"Point","coordinates":[-76.165974,43.168623]},"properties":{"name":"Hamlin Marsh WMA","kind":"wma","pgcoord":"149-E4","county":"Onondaga","acres":"1,473","habitat":"Wetland"}},{"type":"Feature","geometry":{"type":"Point","coordinates":[-78.832337,42.70554]},"properties":{"name":"Hampton Brook Woods WMA","kind":"wma","pgcoord":"110-B3","county":"Erie","acres":"56","habitat":"Upland"}},{"type":"Feature","geometry":{"type":"Point","coordinates":[-78.203185,42.320262]},"properties":{"name":"Hanging Bog WMA","kind":"wma","pgcoord":"97-D4","county":"Allegany","acres":"4,571","habitat":"Upland/Wetland"}},{"type":"Feature","geometry":{"type":"Point","coordinates":[-75.982468,43.459754]},"properties":{"name":"Happy Valley WMA","kind":"wma","pgcoord":"155-E6","county":"Oswego","acres":"8,645","habitat":"Upland/Wetland"}},{"type":"Feature","geometry":{"type":"Point","coordinates":[-78.586615,43.29195]},"properties":{"name":"Hartland Swamp WMA","kind":"wma","pgcoord":"139-B6","county":"Niagara","acres":"385","habitat":"Upland/Wetland"}},{"type":"Feature","geometry":{"type":"Point","coordinates":[-78.391101,42.372682]},"properties":{"name":"Harwood Lake MUA","kind":"wma","pgcoord":"96-C2","county":"Cattaraugus","acres":"298","habitat":"Upland/Wetland"}},{"type":"Feature","geometry":{"type":"Point","coordinates":[-77.356121,42.167372]},"properties":{"name":"Helmer Creek WMA","kind":"wma","pgcoord":"82-B2","county":"Steuben","acres":"126 Forested","habitat":"Wetland"}},{"type":"Feature","geometry":{"type":"Point","coordinates":[-77.373519,42.629577]},"properties":{"name":"High Tor WMA","kind":"wma","pgcoord":"116-D2","county":"Ontario","acres":"6,200","habitat":"Upland/Wetland"}},{"type":"Feature","geometry":{"type":"Point","coordinates":[-77.471229,42.743249]},"properties":{"name":"Honeoye Creek WMA","kind":"wma","pgcoord":"116-B1","county":"Ontario","acres":"717","habitat":"Upland/Wetland"}},{"type":"Feature","geometry":{"type":"Point","coordinates":[-75.989131,43.864333]},"properties":{"name":"Honeyville WMA","kind":"wma","pgcoord":"159-C6","county":"Jefferson","acres":"114","habitat":"Forested wetland"}},{"type":"Feature","geometry":{"type":"Point","coordinates":[-75.752948,44.270313]},"properties":{"name":"Indian River WMA","kind":"wma","pgcoord":"164-A3","county":"Jefferson","acres":"968","habitat":"Upland/Wetland"}},{"type":"Feature","geometry":{"type":"Point","coordinates":[-79.629489,42.040194]},"properties":{"name":"Jacquins Pond WMA","kind":"wma","pgcoord":"73-C5","county":"Chautauqua","acres":"30","habitat":"Wetland"}},{"type":"Feature","geometry":{"type":"Point","coordinates":[-79.319408,42.283547]},"properties":{"name":"Kabob WMA","kind":"wma","pgcoord":"92-D3","county":"Chautauqua","acres":"38","habitat":"Upland"}},{"type":"Feature","geometry":{"type":"Point","coordinates":[-77.880897,42.44451]},"properties":{"name":"Keeney Swamp WMA","kind":"wma","pgcoord":"98-B2","county":"Allegany","acres":"708","habitat":"Wetland"}},{"type":"Feature","geometry":{"type":"Point","coordinates":[-76.370521,43.917896]},"properties":{"name":"Lake Ontario Island WMA","kind":"wma","pgcoord":"158-B2","county":"Jefferson","acres":"54","habitat":"Island"}},{"type":"Feature","geometry":{"type":"Point","coordinates":[-76.87722,43.2749]},"properties":{"name":"Lake Shore Marshes WMA","kind":"wma","pgcoord":"146-C2","county":"Wayne","acres":"6,130","habitat":"Wetland"}},{"type":"Feature","geometry":{"type":"Point","coordinates":[-76.177176,43.746768]},"properties":{"name":"Lakeview Marsh WMA","kind":"wma","pgcoord":"159-E4","county":"Jefferson","acres":"3,461","habitat":"Upland/Wetland"}},{"type":"Feature","geometry":{"type":"Point","coordinates":[-75.840515,43.691811]},"properties":{"name":"Littlejohn WMA","kind":"wma","pgcoord":"156-A2","county":"Oswego","acres":"8,020","habitat":"Upland/Wetland"}},{"type":"Feature","geometry":{"type":"Point","coordinates":[-76.684529,43.104245]},"properties":{"name":"Northern Montezuma WMA","kind":"wma","pgcoord":"133-A4","county":"Cayuga","acres":"6,304","habitat":"Upland/Wetland"}},{"type":"Feature","geometry":{"type":"Point","coordinates":[-78.338529,43.125826]},"properties":{"name":"Oak Orchard WMA","kind":"wma","pgcoord":"140-E3","county":"Genesee","acres":"2,545","habitat":"Upland/Wetland"}},{"type":"Feature","geometry":{"type":"Point","coordinates":[-75.941667,44.095763]},"properties":{"name":"Perch River WMA","kind":"wma","pgcoord":"164-D1","county":"Jefferson","acres":"7,862","habitat":"Upland/Wetland"}},{"type":"Feature","geometry":{"type":"Point","coordinates":[-75.733136,42.651819]},"properties":{"name":"Pharsalia WMA","kind":"wma","pgcoord":"122-D3","county":"Chenango","acres":"4,265","habitat":"Upland/Wetland"}},{"type":"Feature","geometry":{"type":"Point","coordinates":[-76.276581,43.976712]},"properties":{"name":"Point Peninsula WMA","kind":"wma","pgcoord":"158-A3","county":"Jefferson","acres":"1,045","habitat":"Wetland"}},{"type":"Feature","geometry":{"type":"Point","coordinates":[-77.883553,42.502333]},"properties":{"name":"Rattlesnake Hill WMA","kind":"wma","pgcoord":"98-A2","county":"Livingston","acres":"5,150","habitat":"Upland"}},{"type":"Feature","geometry":{"type":"Point","coordinates":[-75.551613,43.17337]},"properties":{"name":"Rome WMA","kind":"wma","pgcoord":"151-E5","county":"Oneida","acres":"1,021","habitat":"Upland/Wetland"}},{"type":"Feature","geometry":{"type":"Point","coordinates":[-77.987375,42.730979]},"properties":{"name":"Silver Lake Outlet WMA","kind":"wma","pgcoord":"114-B1","county":"Wyoming","acres":"10"}},{"type":"Feature","geometry":{"type":"Point","coordinates":[-77.377926,42.745084]},"properties":{"name":"Stid Hill WMA","kind":"wma","pgcoord":"116-B2","county":"Ontario","acres":"847","habitat":"Upland"}},{"type":"Feature","geometry":{"type":"Point","coordinates":[-76.073959,43.285196]},"properties":{"name":"Three Mile Bay WMA","kind":"wma","pgcoord":"149-C5","county":"Oswego","acres":"3,827","habitat":"Wetland"}},{"type":"Feature","geometry":{"type":"Point","coordinates":[-76.354838,43.22438]},"properties":{"name":"Three Rivers WMA","kind":"wma","pgcoord":"148-D2","county":"Onondaga","acres":"3,500","habitat":"Upland/Wetland"}},{"type":"Feature","geometry":{"type":"Point","coordinates":[-78.566393,42.945746]},"properties":{"name":"Tillman Road WMA","kind":"wma","pgcoord":"125-C6","county":"Erie","acres":"230","habitat":"Upland/Wetland"}},{"type":"Feature","geometry":{"type":"Point","coordinates":[-75.82866,42.824623]},"properties":{"name":"Tioughnioga WMA","kind":"wma","pgcoord":"122-A2","county":"Madison","acres":"3,605","habitat":"Upland"}},{"type":"Feature","geometry":{"type":"Point","coordinates":[-79.403884,42.16472]},"properties":{"name":"Tom\u2019s Point WMA","kind":"wma","pgcoord":"74-A2","county":"Chautauqua","acres":"74","habitat":"Upland/Wetland"}},{"type":"Feature","geometry":{"type":"Point","coordinates":[-78.432325,43.123094]},"properties":{"name":"Tonawanda WMA","kind":"wma","pgcoord":"140-E2","county":"Genesee","acres":"5,600","habitat":"Upland/Wetland"}},{"type":"Feature","geometry":{"type":"Point","coordinates":[-75.651268,43.693003]},"properties":{"name":"Tug Hill WMA","kind":"wma","pgcoord":"157-A4","county":"Lewis","acres":"5,114","habitat":"Upland"}},{"type":"Feature","geometry":{"type":"Point","coordinates":[-77.086737,42.403943]},"properties":{"name":"Waneta Lamoka WMA","kind":"wma","pgcoord":"101-C5","county":"Schuyler","acres":"195","habitat":"Wetland"}},{"type":"Feature","geometry":{"type":"Point","coordinates":[-79.395902,42.049486]},"properties":{"name":"Watts WMA","kind":"wma","pgcoord":"74-C2","county":"Chautauqua","acres":"1,382","habitat":"Wetland"}},{"type":"Feature","geometry":{"type":"Point","coordinates":[-77.450763,42.223299]},"properties":{"name":"West Cameron WMA","kind":"wma","pgcoord":"82-A1","county":"Steuben","acres":"170","habitat":"Upland"}},{"type":"Feature","geometry":{"type":"Point","coordinates":[-75.91606,42.419364]},"properties":{"name":"Whitney Point WMA","kind":"wma","pgcoord":"106-C1","county":"Broome","acres":"4,645","habitat":"Upland/Wetland"}},{"type":"Feature","geometry":{"type":"Point","coordinates":[-76.858006,42.639114]},"properties":{"name":"Willard WMA","kind":"wma","pgcoord":"118-D2","county":"Seneca","acres":"158","habitat":"Upland"}},{"type":"Feature","geometry":{"type":"Point","coordinates":[-78.113418,42.380641]},"properties":{"name":"Allen Lake State Forest","kind":"forest","pgcoord":"97-C5","county":"Allegany","acres":"2,443","landtype":"State Forest"}},{"type":"Feature","geometry":{"type":"Point","coordinates":[-76.078019,43.516492]},"properties":{"name":"Altmar State Forest","kind":"forest","pgcoord":"155-D5","county":"Oswego","acres":"934","landtype":"State Forest"}},{"type":"Feature","geometry":{"type":"Point","coordinates":[-75.968743,42.592563]},"properties":{"name":"Baker School House State Forest","kind":"forest","pgcoord":"121-E6","county":"Cortland","acres":"1,278","landtype":"State Forest"}},{"type":"Feature","geometry":{"type":"Point","coordinates":[-77.968219,42.326758]},"properties":{"name":"Bald Mountain State Forest","kind":"forest","pgcoord":"98-D1","county":"Allegany","acres":"762","landtype":"State Forest"}},{"type":"Feature","geometry":{"type":"Point","coordinates":[-75.824746,42.535544]},"properties":{"name":"Balsam Swamp State Forest","kind":"forest","pgcoord":"106-A2","county":"Chenango","acres":"2,685","landtype":"State Forest"}},{"type":"Feature","geometry":{"type":"Point","coordinates":[-75.544473,42.363855]},"properties":{"name":"Basswood State Forest","kind":"forest","pgcoord":"107-D5","county":"Chenango","acres":"938","landtype":"State Forest"}},{"type":"Feature","geometry":{"type":"Point","coordinates":[-75.8389,43.576222]},"properties":{"name":"Battle Hill State Forest","kind":"forest","pgcoord":"156-C2","county":"Oswego","acres":"1,693","landtype":"State Forest"}},{"type":"Feature","geometry":{"type":"Point","coordinates":[-78.483771,42.370025]},"properties":{"name":"Bear Creek State Forest","kind":"forest","pgcoord":"96-C1","county":"Cattaraugus","acres":"559","landtype":"State Forest"}},{"type":"Feature","geometry":{"type":"Point","coordinates":[-76.344746,42.761922]},"properties":{"name":"Bear Swamp State Forest","kind":"forest","pgcoord":"120-B2","county":"Madison","acres":"5,169","landtype":"State Forest"}},{"type":"Feature","geometry":{"type":"Point","coordinates":[-75.463645,43.983225]},"properties":{"name":"Beartown State Forest","kind":"forest","pgcoord":"161-A6","county":"Lewis","acres":"7,208","landtype":"State Forest"}},{"type":"Feature","geometry":{"type":"Point","coordinates":[-75.467327,44.445725]},"properties":{"name":"Beaver Creek State Forest","kind":"forest","pgcoord":"169-C6","county":"St. Lawrence","acres":"7,169","landtype":"State Forest"}},{"type":"Feature","geometry":{"type":"Point","coordinates":[-76.150898,42.35929]},"properties":{"name":"Beaver Dam State Forest","kind":"forest","pgcoord":"105-D4","county":"Tioga","acres":"1,151","landtype":"State Forest"}},{"type":"Feature","geometry":{"type":"Point","coordinates":[-76.990221,42.290259]},"properties":{"name":"Beaver Dams State Forest","kind":"forest","pgcoord":"101-E6","county":"Steuben","acres":"532","landtype":"State Forest"}},{"type":"Feature","geometry":{"type":"Point","coordinates":[-75.636161,42.24766]},"properties":{"name":"Beaver Flow State Forest","kind":"forest","pgcoord":"89-A4","county":"Broome","acres":"1,027","landtype":"State Forest"}},{"type":"Feature","geometry":{"type":"Point","coordinates":[-75.640884,42.710183]},"properties":{"name":"Beaver Meadow State Forest","kind":"forest","pgcoord":"123-C4","county":"Chenango","acres":"5,826","landtype":"State Forest"}},{"type":"Feature","geometry":{"type":"Point","coordinates":[-75.542505,42.13254]},"properties":{"name":"Beaver Pond State Forest","kind":"forest","pgcoord":"89-C5","county":"Broome","acres":"817","landtype":"State Forest"}},{"type":"Feature","geometry":{"type":"Point","coordinates":[-75.648781,43.461825]},"properties":{"name":"Big Brook State Forest","kind":"forest","pgcoord":"157-E4","county":"Oneida","acres":"3,857","landtype":"State Forest"}},{"type":"Feature","geometry":{"type":"Point","coordinates":[-77.177545,42.34437]},"properties":{"name":"Birdseye Hollow State Forest","kind":"forest","pgcoord":"101-D4","county":"Steuben","acres":"3,504","landtype":"State Forest"}},{"type":"Feature","geometry":{"type":"Point","coordinates":[-75.729096,42.304907]},"properties":{"name":"Bobell Hill State Forest","kind":"forest","pgcoord":"106-E3","county":"Chenango","acres":"2,158","landtype":"State Forest"}},{"type":"Feature","geometry":{"type":"Point","coordinates":[-79.134854,42.290512]},"properties":{"name":"Boutwell Hill State Forest","kind":"forest","pgcoord":"93-D5","county":"Chautauqua","acres":"2,957","landtype":"State Forest"}},{"type":"Feature","geometry":{"type":"Point","coordinates":[-78.5303,42.310931]},"properties":{"name":"Boyce Hill State Forest","kind":"forest","pgcoord":"95-D6","county":"Cattaraugus","acres":"964","landtype":"State Forest"}},{"type":"Feature","geometry":{"type":"Point","coordinates":[-79.488083,42.046047]},"properties":{"name":"Brokenstraw State Forest","kind":"forest","pgcoord":"74-C1","county":"Chautauqua","acres":"954","landtype":"State Forest"}},{"type":"Feature","geometry":{"type":"Point","coordinates":[-78.5303,42.310931]},"properties":{"name":"Bryant Hill State Forest","kind":"forest","pgcoord":"95-D6","county":"Cattaraugus","acres":"511","landtype":"State Forest"}},{"type":"Feature","geometry":{"type":"Point","coordinates":[-75.733817,42.709608]},"properties":{"name":"Bucks Brook State Forest","kind":"forest","pgcoord":"122-C3","county":"Chenango","acres":"2,174","landtype":"State Forest"}},{"type":"Feature","geometry":{"type":"Point","coordinates":[-78.800651,42.186294]},"properties":{"name":"Bucktooth State Forest","kind":"forest","pgcoord":"76-A3","county":"Cattaraugus","acres":"2,282","landtype":"State Forest"}},{"type":"Feature","geometry":{"type":"Point","coordinates":[-77.782935,42.331238]},"properties":{"name":"Bully Hill State Forest","kind":"forest","pgcoord":"98-D3","county":"Allegany","acres":"3,533","landtype":"State Forest"}},{"type":"Feature","geometry":{"type":"Point","coordinates":[-75.54397,42.306052]},"properties":{"name":"Bumps Creek State Forest","kind":"forest","pgcoord":"107-E5","county":"Chenango","acres":"527","landtype":"State Forest"}},{"type":"Feature","geometry":{"type":"Point","coordinates":[-77.595522,42.278054]},"properties":{"name":"Burt Hill State Forest","kind":"forest","pgcoord":"99-E5","county":"Steuben","acres":"398","landtype":"State Forest"}},{"type":"Feature","geometry":{"type":"Point","coordinates":[-78.391101,42.372682]},"properties":{"name":"Bush Hill State Forest","kind":"forest","pgcoord":"96-C2","county":"Cattaraugus","acres":"2,811","landtype":"State Forest"}},{"type":"Feature","geometry":{"type":"Point","coordinates":[-77.356121,42.167372]},"properties":{"name":"Cameron Mills State Forest","kind":"forest","pgcoord":"82-B2","county":"Steuben","acres":"544","landtype":"State Forest"}},{"type":"Feature","geometry":{"type":"Point","coordinates":[-77.450763,42.223299]},"properties":{"name":"Cameron State Forest","kind":"forest","pgcoord":"82-A1","county":"Steuben","acres":"1,967","landtype":"State Forest"}},{"type":"Feature","geometry":{"type":"Point","coordinates":[-77.690659,42.333468]},"properties":{"name":"Canacadea State Forest","kind":"forest","pgcoord":"99-D4","county":"Steuben","acres":"1,632","landtype":"State Forest"}},{"type":"Feature","geometry":{"type":"Point","coordinates":[-75.553192,43.346734]},"properties":{"name":"Canada Creek State Forest","kind":"forest","pgcoord":"151-B5","county":"Oneida","acres":"623","landtype":"State Forest"}},{"type":"Feature","geometry":{"type":"Point","coordinates":[-77.790652,42.50454]},"properties":{"name":"Canaseraga State Forest","kind":"forest","pgcoord":"98-A3","county":"Livingston","acres":"1,282","landtype":"State Forest"}},{"type":"Feature","geometry":{"type":"Point","coordinates":[-78.136566,42.842606]},"properties":{"name":"Carlton Hill State Forest","kind":"forest","pgcoord":"127-E5","county":"Wyoming","acres":"4,254","landtype":"State Forest"}},{"type":"Feature","geometry":{"type":"Point","coordinates":[-75.541523,42.016929]},"properties":{"name":"Cascade Valley State Forest","kind":"forest","pgcoord":"89-E5","county":"Broome","acres":"534","landtype":"State Forest"}},{"type":"Feature","geometry":{"type":"Point","coordinates":[-76.938624,42.233127]},"properties":{"name":"Catlin State Forest","kind":"forest","pgcoord":"84-A1","county":"Chemung","acres":"613","landtype":"State Forest"}},{"type":"Feature","geometry":{"type":"Point","coordinates":[-78.80763,42.301773]},"properties":{"name":"Cattaraugus State Forest","kind":"forest","pgcoord":"94-D3","county":"Cattaraugus","acres":"1,061","landtype":"State Forest"}},{"type":"Feature","geometry":{"type":"Point","coordinates":[-75.933504,43.575625]},"properties":{"name":"Chateaugay State Forest","kind":"forest","pgcoord":"156-C1","county":"Oswego","acres":"3,488","landtype":"State Forest"}},{"type":"Feature","geometry":{"type":"Point","coordinates":[-79.54968,42.217146]},"properties":{"name":"Chautauqua Gorge State Forest","kind":"forest","pgcoord":"91-E6","county":"Chautauqua","acres":"546","landtype":"State Forest"}},{"type":"Feature","geometry":{"type":"Point","coordinates":[-76.990221,42.290259]},"properties":{"name":"Cinnamon Lake State Forest","kind":"forest","pgcoord":"101-E6","county":"Schuyler","acres":"1,766","landtype":"State Forest"}},{"type":"Feature","geometry":{"type":"Point","coordinates":[-76.662796,42.295207]},"properties":{"name":"Cliffside State Forest","kind":"forest","pgcoord":"103-E4","county":"Schuyler","acres":"987","landtype":"State Forest"}},{"type":"Feature","geometry":{"type":"Point","coordinates":[-75.647535,43.346141]},"properties":{"name":"Cobb Brook State Forest","kind":"forest","pgcoord":"151-B4","county":"Oneida","acres":"690","landtype":"State Forest"}},{"type":"Feature","geometry":{"type":"Point","coordinates":[-75.652526,43.808694]},"properties":{"name":"Cobb Creek State Forest","kind":"forest","pgcoord":"161-D4","county":"Lewis","acres":"2,204","landtype":"State Forest"}},{"type":"Feature","geometry":{"type":"Point","coordinates":[-78.212066,42.49348]},"properties":{"name":"Cold Creek State Forest","kind":"forest","pgcoord":"97-A4","county":"Allegany","acres":"496","landtype":"State Forest"}},{"type":"Feature","geometry":{"type":"Point","coordinates":[-76.990221,42.290259]},"properties":{"name":"Coon Hollow State Forest","kind":"forest","pgcoord":"101-E6","county":"Schuyler","acres":"2,434","landtype":"State Forest"}},{"type":"Feature","geometry":{"type":"Point","coordinates":[-75.553718,43.404521]},"properties":{"name":"Cottrell State Forest","kind":"forest","pgcoord":"151-A5","county":"Lewis","acres":"482","landtype":"State Forest"}},{"type":"Feature","geometry":{"type":"Point","coordinates":[-75.637355,42.363281]},"properties":{"name":"Coventry State Forest","kind":"forest","pgcoord":"107-D4","county":"Chenango","acres":"1,156","landtype":"State Forest"}},{"type":"Feature","geometry":{"type":"Point","coordinates":[-78.107659,42.265199]},"properties":{"name":"Coyle Hill State Forest","kind":"forest","pgcoord":"97-E5","county":"Allegany","acres":"2,373","landtype":"State Forest"}},{"type":"Feature","geometry":{"type":"Point","coordinates":[-75.847043,44.154149]},"properties":{"name":"Coyote Flats State Forest","kind":"forest","pgcoord":"164-C2","county":"Jefferson","acres":"560","landtype":"State Forest"}},{"type":"Feature","geometry":{"type":"Point","coordinates":[-78.295389,42.317626]},"properties":{"name":"Crab Hollow State Forest","kind":"forest","pgcoord":"96-D3","county":"Allegany","acres":"1,419","landtype":"State Forest"}},{"type":"Feature","geometry":{"type":"Point","coordinates":[-75.919577,42.650668]},"properties":{"name":"Cuyler Hill State Forest","kind":"forest","pgcoord":"122-D1","county":"Cortland","acres":"5,533","landtype":"State Forest"}},{"type":"Feature","geometry":{"type":"Point","coordinates":[-76.427504,42.29854]},"properties":{"name":"Danby State Forest","kind":"forest","pgcoord":"104-E1","county":"Tompkins","acres":"7,498","landtype":"State Forest"}},{"type":"Feature","geometry":{"type":"Point","coordinates":[-75.82866,42.824623]},"properties":{"name":"Deruyter State Forest","kind":"forest","pgcoord":"122-A2","county":"Madison","acres":"972","landtype":"State Forest"}},{"type":"Feature","geometry":{"type":"Point","coordinates":[-78.80763,42.301773]},"properties":{"name":"Dobbins Memorial State Forest","kind":"forest","pgcoord":"94-D3","county":"Cattaraugus","acres":"1,104","landtype":"State Forest"}},{"type":"Feature","geometry":{"type":"Point","coordinates":[-75.919577,42.650668]},"properties":{"name":"Dog Hollow State Forest","kind":"forest","pgcoord":"122-D1","county":"Cortland","acres":"723","landtype":"State Forest"}},{"type":"Feature","geometry":{"type":"Point","coordinates":[-76.062958,42.649343]},"properties":{"name":"Donahue Woods State Forest","kind":"forest","pgcoord":"121-D5","county":"Cortland","acres":"1,173","landtype":"State Forest"}},{"type":"Feature","geometry":{"type":"Point","coordinates":[-77.082867,42.288438]},"properties":{"name":"Dry Run State Forest","kind":"forest","pgcoord":"101-E5","county":"Steuben","acres":"1,089","landtype":"State Forest"}},{"type":"Feature","geometry":{"type":"Point","coordinates":[-75.641482,42.767981]},"properties":{"name":"Earlville State Forest","kind":"forest","pgcoord":"123-B4","county":"Madison","acres":"635","landtype":"State Forest"}},{"type":"Feature","geometry":{"type":"Point","coordinates":[-75.649402,43.519619]},"properties":{"name":"East Osceola State Forest","kind":"forest","pgcoord":"157-D4","county":"Lewis","acres":"1,971","landtype":"State Forest"}},{"type":"Feature","geometry":{"type":"Point","coordinates":[-78.814646,42.417114]},"properties":{"name":"East Otto State Forest","kind":"forest","pgcoord":"94-B3","county":"Cattaraugus","acres":"1,359","landtype":"State Forest"}},{"type":"Feature","geometry":{"type":"Point","coordinates":[-78.804122,42.244082]},"properties":{"name":"Elkdale State Forest","kind":"forest","pgcoord":"94-E3","county":"Cattaraugus","acres":"432","landtype":"State Forest"}},{"type":"Feature","geometry":{"type":"Point","coordinates":[-77.9737,42.442292]},"properties":{"name":"English Hill State Forest","kind":"forest","pgcoord":"98-B1","county":"Allegany","acres":"1,394","landtype":"State Forest"}},{"type":"Feature","geometry":{"type":"Point","coordinates":[-77.079126,42.172766]},"properties":{"name":"Erwin Hollow State Forest","kind":"forest","pgcoord":"83-B5","county":"Steuben","acres":"525","landtype":"State Forest"}},{"type":"Feature","geometry":{"type":"Point","coordinates":[-77.169659,42.11319]},"properties":{"name":"Erwin Mountain State Forest","kind":"forest","pgcoord":"83-C4","county":"Steuben","acres":"503","landtype":"State Forest"}},{"type":"Feature","geometry":{"type":"Point","coordinates":[-76.242147,42.300519]},"properties":{"name":"Fairfield State Forest","kind":"forest","pgcoord":"104-E3","county":"Tioga","acres":"818","landtype":"State Forest"}},{"type":"Feature","geometry":{"type":"Point","coordinates":[-75.648149,43.403928]},"properties":{"name":"Fall Brook State Forest","kind":"forest","pgcoord":"151-A4","county":"Oneida","acres":"4,482","landtype":"State Forest"}},{"type":"Feature","geometry":{"type":"Point","coordinates":[-78.30147,42.433068]},"properties":{"name":"Farmersville State Forest","kind":"forest","pgcoord":"96-B3","county":"Cattaraugus","acres":"1,146","landtype":"State Forest"}},{"type":"Feature","geometry":{"type":"Point","coordinates":[-75.740719,43.287763]},"properties":{"name":"Fish Creek State Forest","kind":"forest","pgcoord":"150-C3","county":"Oneida","acres":"677","landtype":"State Forest"}},{"type":"Feature","geometry":{"type":"Point","coordinates":[-75.824002,42.477741]},"properties":{"name":"Five Streams State Forest","kind":"forest","pgcoord":"106-B2","county":"Chenango","acres":"6,357","landtype":"State Forest"}},{"type":"Feature","geometry":{"type":"Point","coordinates":[-75.837284,43.460633]},"properties":{"name":"Florence Hill State Forest","kind":"forest","pgcoord":"156-E2","county":"Oneida","acres":"1,361","landtype":"State Forest"}},{"type":"Feature","geometry":{"type":"Point","coordinates":[-76.439415,42.818716]},"properties":{"name":"Frozen Ocean State Forest","kind":"forest","pgcoord":"120-A1","county":"Cayuga","acres":"750","landtype":"State Forest"}},{"type":"Feature","geometry":{"type":"Point","coordinates":[-75.648149,43.403928]},"properties":{"name":"Furnace Creek State Forest","kind":"forest","pgcoord":"151-A4","county":"Oneida","acres":"1,396","landtype":"State Forest"}},{"type":"Feature","geometry":{"type":"Point","coordinates":[-77.87824,42.386731]},"properties":{"name":"Gas Springs State Forest","kind":"forest","pgcoord":"98-C2","county":"Allegany","acres":"2,199","landtype":"State Forest"}},{"type":"Feature","geometry":{"type":"Point","coordinates":[-75.917708,42.53497]},"properties":{"name":"Gee Brook State Forest","kind":"forest","pgcoord":"106-A1","county":"Cortland","acres":"854","landtype":"State Forest"}},{"type":"Feature","geometry":{"type":"Point","coordinates":[-75.730422,42.420512]},"properties":{"name":"Genegantslet State Forest","kind":"forest","pgcoord":"106-C3","county":"Chenango","acres":"3,173","landtype":"State Forest"}},{"type":"Feature","geometry":{"type":"Point","coordinates":[-77.97096,42.384503]},"properties":{"name":"Gillies Hill State Forest","kind":"forest","pgcoord":"98-C1","county":"Allegany","acres":"2,373","landtype":"State Forest"}},{"type":"Feature","geometry":{"type":"Point","coordinates":[-78.527039,42.253222]},"properties":{"name":"Golden Hill State Forest","kind":"forest","pgcoord":"95-E6","county":"Cattaraugus","acres":"2,304","landtype":"State Forest"}},{"type":"Feature","geometry":{"type":"Point","coordinates":[-75.937121,43.806933]},"properties":{"name":"Gould\u2019S Corners State Forest","kind":"forest","pgcoord":"160-D1","county":"Jefferson","acres":"2,037","landtype":"State Forest"}},{"type":"Feature","geometry":{"type":"Point","coordinates":[-77.082867,42.288438]},"properties":{"name":"Goundry Hill State Forest","kind":"forest","pgcoord":"101-E5","county":"Schuyler","acres":"2,136","landtype":"State Forest"}},{"type":"Feature","geometry":{"type":"Point","coordinates":[-75.747149,43.808109]},"properties":{"name":"Granger State Forest","kind":"forest","pgcoord":"160-D3","county":"Lewis","acres":"720","landtype":"State Forest"}},{"type":"Feature","geometry":{"type":"Point","coordinates":[-77.683154,42.160118]},"properties":{"name":"Greenwood State Forest","kind":"forest","pgcoord":"81-B4","county":"Steuben","acres":"911","landtype":"State Forest"}},{"type":"Feature","geometry":{"type":"Point","coordinates":[-76.151961,42.417076]},"properties":{"name":"Griggs Gulf State Forest","kind":"forest","pgcoord":"105-C4","county":"Cortland","acres":"2,939","landtype":"State Forest"}},{"type":"Feature","geometry":{"type":"Point","coordinates":[-75.838092,43.518428]},"properties":{"name":"Hall Island State Forest","kind":"forest","pgcoord":"156-D2","county":"Oswego","acres":"2,007","landtype":"State Forest"}},{"type":"Feature","geometry":{"type":"Point","coordinates":[-76.337296,42.415102]},"properties":{"name":"Hammond Hill State Forest","kind":"forest","pgcoord":"104-C2","county":"Tompkins","acres":"3,614","landtype":"State Forest"}},{"type":"Feature","geometry":{"type":"Point","coordinates":[-79.223461,42.229369]},"properties":{"name":"Harris Hill State Forest","kind":"forest","pgcoord":"93-E4","county":"Chautauqua","acres":"2,282","landtype":"State Forest"}},{"type":"Feature","geometry":{"type":"Point","coordinates":[-79.223461,42.229369]},"properties":{"name":"Hatch Creek State Forest","kind":"forest","pgcoord":"93-E4","county":"Chautauqua","acres":"1,283","landtype":"State Forest"}},{"type":"Feature","geometry":{"type":"Point","coordinates":[-75.63387,42.016365]},"properties":{"name":"Hawkins Pond State Forest","kind":"forest","pgcoord":"89-E4","county":"Broome","acres":"534","landtype":"State Forest"}},{"type":"Feature","geometry":{"type":"Point","coordinates":[-76.251388,42.762921]},"properties":{"name":"Hewitt State Forest","kind":"forest","pgcoord":"120-B3","county":"Cortland","acres":"946","landtype":"State Forest"}},{"type":"Feature","geometry":{"type":"Point","coordinates":[-75.563441,44.445112]},"properties":{"name":"Hickory Lake State Forest","kind":"forest","pgcoord":"169-C5","county":"St. Lawrence","acres":"580","landtype":"State Forest"}},{"type":"Feature","geometry":{"type":"Point","coordinates":[-79.488083,42.046047]},"properties":{"name":"Hill Higher State Forest","kind":"forest","pgcoord":"74-C1","county":"Chautauqua","acres":"1,160","landtype":"State Forest"}},{"type":"Feature","geometry":{"type":"Point","coordinates":[-77.87824,42.386731]},"properties":{"name":"Hiltonville State Forest","kind":"forest","pgcoord":"98-C2","county":"Allegany","acres":"992","landtype":"State Forest"}},{"type":"Feature","geometry":{"type":"Point","coordinates":[-76.060979,42.533638]},"properties":{"name":"Hoxie Gorge State Forest","kind":"forest","pgcoord":"105-A5","county":"Cortland","acres":"2,025","landtype":"State Forest"}},{"type":"Feature","geometry":{"type":"Point","coordinates":[-77.280386,42.631413]},"properties":{"name":"Italy Hill State Forest","kind":"forest","pgcoord":"116-D3","county":"Yates","acres":"1,905","landtype":"State Forest"}},{"type":"Feature","geometry":{"type":"Point","coordinates":[-76.242147,42.300519]},"properties":{"name":"Jenksville State Forest","kind":"forest","pgcoord":"104-E3","county":"Tioga","acres":"1,368","landtype":"State Forest"}},{"type":"Feature","geometry":{"type":"Point","coordinates":[-77.875584,42.328998]},"properties":{"name":"Jersey Hill State Forest","kind":"forest","pgcoord":"98-D2","county":"Allegany","acres":"1,078","landtype":"State Forest"}},{"type":"Feature","geometry":{"type":"Point","coordinates":[-77.875584,42.328998]},"properties":{"name":"Karr Valley Creek State Forest","kind":"forest","pgcoord":"98-D2","county":"Allegany","acres":"1,910","landtype":"State Forest"}},{"type":"Feature","geometry":{"type":"Point","coordinates":[-75.931702,43.460036]},"properties":{"name":"Kasoag State Forest","kind":"forest","pgcoord":"156-E1","county":"Oswego","acres":"986","landtype":"State Forest"}},{"type":"Feature","geometry":{"type":"Point","coordinates":[-77.880897,42.44451]},"properties":{"name":"Keeney Swamp State Forest","kind":"forest","pgcoord":"98-B2","county":"Allegany","acres":"2,402","landtype":"State Forest"}},{"type":"Feature","geometry":{"type":"Point","coordinates":[-76.153023,42.474862]},"properties":{"name":"Kennedy State Forest","kind":"forest","pgcoord":"105-B4","county":"Cortland","acres":"4,472","landtype":"State Forest"}},{"type":"Feature","geometry":{"type":"Point","coordinates":[-76.14878,42.243822]},"properties":{"name":"Ketchumville State Forest","kind":"forest","pgcoord":"87-A4","county":"Tioga","acres":"503","landtype":"State Forest"}},{"type":"Feature","geometry":{"type":"Point","coordinates":[-76.064943,42.764917]},"properties":{"name":"Kettlebail State Forest","kind":"forest","pgcoord":"121-B5","county":"Cortland","acres":"558","landtype":"State Forest"}},{"type":"Feature","geometry":{"type":"Point","coordinates":[-77.785507,42.38896]},"properties":{"name":"Klipnocky State Forest","kind":"forest","pgcoord":"98-C3","county":"Allegany","acres":"2,608","landtype":"State Forest"}},{"type":"Feature","geometry":{"type":"Point","coordinates":[-75.980661,43.343988]},"properties":{"name":"Klondike State Forest","kind":"forest","pgcoord":"149-B6","county":"Oswego","acres":"881","landtype":"State Forest"}},{"type":"Feature","geometry":{"type":"Point","coordinates":[-75.641482,42.767981]},"properties":{"name":"Lebanon State Forest","kind":"forest","pgcoord":"123-B4","county":"Madison","acres":"779","landtype":"State Forest"}},{"type":"Feature","geometry":{"type":"Point","coordinates":[-75.55583,43.635806]},"properties":{"name":"Lesser Wilderness State Forest","kind":"forest","pgcoord":"157-B5","county":"Lewis","acres":"14,135","landtype":"State Forest"}},{"type":"Feature","geometry":{"type":"Point","coordinates":[-75.826362,42.651243]},"properties":{"name":"Lincklaen State Forest","kind":"forest","pgcoord":"122-D2","county":"Chenango","acres":"4,624","landtype":"State Forest"}},{"type":"Feature","geometry":{"type":"Point","coordinates":[-75.744275,43.576819]},"properties":{"name":"Line Brook State Forest","kind":"forest","pgcoord":"156-C3","county":"Oswego","acres":"1,128","landtype":"State Forest"}},{"type":"Feature","geometry":{"type":"Point","coordinates":[-75.659545,44.444499]},"properties":{"name":"Lonesome Bay State Forest","kind":"forest","pgcoord":"169-C4","county":"St. Lawrence","acres":"1,126","landtype":"State Forest"}},{"type":"Feature","geometry":{"type":"Point","coordinates":[-75.823259,42.419938]},"properties":{"name":"Long Pond State Forest","kind":"forest","pgcoord":"106-C2","county":"Chenango","acres":"3,032","landtype":"State Forest"}},{"type":"Feature","geometry":{"type":"Point","coordinates":[-75.747149,43.808109]},"properties":{"name":"Lookout State Forest","kind":"forest","pgcoord":"160-D3","county":"Lewis","acres":"3,997","landtype":"State Forest"}},{"type":"Feature","geometry":{"type":"Point","coordinates":[-78.304511,42.490817]},"properties":{"name":"Lost Nation State Forest","kind":"forest","pgcoord":"96-A3","county":"Allegany","acres":"3,274","landtype":"State Forest"}},{"type":"Feature","geometry":{"type":"Point","coordinates":[-75.46231,43.809871]},"properties":{"name":"Lowville Demonstration Area","kind":"forest","pgcoord":"161-D6","county":"Lewis","acres":"99","landtype":"State Forest"}},{"type":"Feature","geometry":{"type":"Point","coordinates":[-75.730422,42.420512]},"properties":{"name":"Ludlow Creek State Forest","kind":"forest","pgcoord":"106-C3","county":"Chenango","acres":"3,179","landtype":"State Forest"}},{"type":"Feature","geometry":{"type":"Point","coordinates":[-75.544975,42.421658]},"properties":{"name":"Lyon Brook State Forest","kind":"forest","pgcoord":"107-C5","county":"Chenango","acres":"536","landtype":"State Forest"}},{"type":"Feature","geometry":{"type":"Point","coordinates":[-75.742122,43.403338]},"properties":{"name":"Mad River State Forest","kind":"forest","pgcoord":"150-A3","county":"Oneida","acres":"2,934","landtype":"State Forest"}},{"type":"Feature","geometry":{"type":"Point","coordinates":[-76.656769,42.063934]},"properties":{"name":"Maple Hill State Forest","kind":"forest","pgcoord":"85-D4","county":"Chemung","acres":"604","landtype":"State Forest"}},{"type":"Feature","geometry":{"type":"Point","coordinates":[-75.827128,42.709031]},"properties":{"name":"Mariposa State Forest","kind":"forest","pgcoord":"122-C2","county":"Madison","acres":"3,088","landtype":"State Forest"}},{"type":"Feature","geometry":{"type":"Point","coordinates":[-75.542505,42.13254]},"properties":{"name":"Marsh Pond State Forest","kind":"forest","pgcoord":"89-C5","county":"Broome","acres":"891","landtype":"State Forest"}},{"type":"Feature","geometry":{"type":"Point","coordinates":[-77.169659,42.11319]},"properties":{"name":"McCarthy Hill State Forest","kind":"forest","pgcoord":"83-C4","county":"Steuben","acres":"758","landtype":"State Forest"}},{"type":"Feature","geometry":{"type":"Point","coordinates":[-78.712067,42.247119]},"properties":{"name":"McCarty Hill State Forest","kind":"forest","pgcoord":"95-E4","county":"Cattaraugus","acres":"3,374","landtype":"State Forest"}},{"type":"Feature","geometry":{"type":"Point","coordinates":[-75.731749,42.536118]},"properties":{"name":"McDonough State Forest","kind":"forest","pgcoord":"106-A3","county":"Chenango","acres":"6,863","landtype":"State Forest"}},{"type":"Feature","geometry":{"type":"Point","coordinates":[-77.173595,42.228713]},"properties":{"name":"Meads Creek State Forest","kind":"forest","pgcoord":"83-A4","county":"Steuben","acres":"1,418","landtype":"State Forest"}},{"type":"Feature","geometry":{"type":"Point","coordinates":[-75.450406,42.190967]},"properties":{"name":"Melondy Hill State Forest","kind":"forest","pgcoord":"89-B6","county":"Chenango","acres":"5,678","landtype":"State Forest"}},{"type":"Feature","geometry":{"type":"Point","coordinates":[-76.151961,42.417076]},"properties":{"name":"Michigan Hill State Forest","kind":"forest","pgcoord":"105-C4","county":"Tioga","acres":"1,331","landtype":"State Forest"}},{"type":"Feature","geometry":{"type":"Point","coordinates":[-75.460123,43.520815]},"properties":{"name":"Mohawk Springs State Forest","kind":"forest","pgcoord":"157-D6","county":"Lewis","acres":"1,214","landtype":"State Forest"}},{"type":"Feature","geometry":{"type":"Point","coordinates":[-75.971467,42.765917]},"properties":{"name":"Morgan Hill State Forest","kind":"forest","pgcoord":"121-B6","county":"Cortland","acres":"5,308","landtype":"State Forest"}},{"type":"Feature","geometry":{"type":"Point","coordinates":[-75.735181,42.825205]},"properties":{"name":"Morrow Mountain State Forest","kind":"forest","pgcoord":"122-A3","county":"Madison","acres":"1,290","landtype":"State Forest"}},{"type":"Feature","geometry":{"type":"Point","coordinates":[-77.177545,42.34437]},"properties":{"name":"Moss Hill State Forest","kind":"forest","pgcoord":"101-D4","county":"Steuben","acres":"1,856","landtype":"State Forest"}},{"type":"Feature","geometry":{"type":"Point","coordinates":[-79.54968,42.217146]},"properties":{"name":"Mount Pleasant State Forest","kind":"forest","pgcoord":"91-E6","county":"Chautauqua","acres":"1,538","landtype":"State Forest"}},{"type":"Feature","geometry":{"type":"Point","coordinates":[-77.269862,42.342558]},"properties":{"name":"Mount Washington State Forest","kind":"forest","pgcoord":"100-D3","county":"Steuben","acres":"440","landtype":"State Forest"}},{"type":"Feature","geometry":{"type":"Point","coordinates":[-75.734499,42.767404]},"properties":{"name":"Muller Hill State Forest","kind":"forest","pgcoord":"122-B3","county":"Madison","acres":"3,110","landtype":"State Forest"}},{"type":"Feature","geometry":{"type":"Point","coordinates":[-75.732454,42.594035]},"properties":{"name":"New Michigan State Forest","kind":"forest","pgcoord":"122-E3","county":"Chenango","acres":"9,110","landtype":"State Forest"}},{"type":"Feature","geometry":{"type":"Point","coordinates":[-76.662796,42.295207]},"properties":{"name":"Newfield State Forest","kind":"forest","pgcoord":"103-E4","county":"Tompkins","acres":"1,539","landtype":"State Forest"}},{"type":"Feature","geometry":{"type":"Point","coordinates":[-78.520644,42.137705]},"properties":{"name":"Nine Mile Creek State Forest","kind":"forest","pgcoord":"77-B6","county":"Cattaraugus","acres":"3,168","landtype":"State Forest"}},{"type":"Feature","geometry":{"type":"Point","coordinates":[-79.492174,42.103664]},"properties":{"name":"North Harmony State Forest","kind":"forest","pgcoord":"74-B1","county":"Chautauqua","acres":"2,588","landtype":"State Forest"}},{"type":"Feature","geometry":{"type":"Point","coordinates":[-75.838092,43.518428]},"properties":{"name":"O\u2019Hara State Forest","kind":"forest","pgcoord":"156-D2","county":"Oswego","acres":"1,020","landtype":"State Forest"}},{"type":"Feature","geometry":{"type":"Point","coordinates":[-75.543487,42.24825]},"properties":{"name":"Oak Ridge State Forest","kind":"forest","pgcoord":"89-A5","county":"Chenango","acres":"566","landtype":"State Forest"}},{"type":"Feature","geometry":{"type":"Point","coordinates":[-76.147742,42.186036]},"properties":{"name":"Oakley Corners State Forest","kind":"forest","pgcoord":"87-B4","county":"Tioga","acres":"1,164","landtype":"State Forest"}},{"type":"Feature","geometry":{"type":"Point","coordinates":[-75.464558,44.098805]},"properties":{"name":"Onjebonge State Forest","kind":"forest","pgcoord":"165-D6","county":"Lewis","acres":"1,830","landtype":"State Forest"}},{"type":"Feature","geometry":{"type":"Point","coordinates":[-75.836482,43.402746]},"properties":{"name":"Orton Hollow State Forest","kind":"forest","pgcoord":"150-A2","county":"Oswego","acres":"531","landtype":"State Forest"}},{"type":"Feature","geometry":{"type":"Point","coordinates":[-77.790652,42.50454]},"properties":{"name":"Ossian State Forest","kind":"forest","pgcoord":"98-A3","county":"Livingston","acres":"1,192","landtype":"State Forest"}},{"type":"Feature","geometry":{"type":"Point","coordinates":[-75.733136,42.651819]},"properties":{"name":"Otselic State Forest","kind":"forest","pgcoord":"122-D3","county":"Chenango","acres":"1,043","landtype":"State Forest"}},{"type":"Feature","geometry":{"type":"Point","coordinates":[-77.875584,42.328998]},"properties":{"name":"Palmer\u2019s Pond State Forest","kind":"forest","pgcoord":"98-D2","county":"Allegany","acres":"3,529","landtype":"State Forest"}},{"type":"Feature","geometry":{"type":"Point","coordinates":[-79.488083,42.046047]},"properties":{"name":"Panama State Forest","kind":"forest","pgcoord":"74-C1","county":"Chautauqua","acres":"1,225","landtype":"State Forest"}},{"type":"Feature","geometry":{"type":"Point","coordinates":[-75.920427,42.708453]},"properties":{"name":"Pease Hill State Forest","kind":"forest","pgcoord":"122-C1","county":"Cortland","acres":"920","landtype":"State Forest"}},{"type":"Feature","geometry":{"type":"Point","coordinates":[-75.733136,42.651819]},"properties":{"name":"Perkins Pond State Forest","kind":"forest","pgcoord":"122-D3","county":"Chenango","acres":"1,956","landtype":"State Forest"}},{"type":"Feature","geometry":{"type":"Point","coordinates":[-77.872928,42.271309]},"properties":{"name":"Phillips Creek State Forest","kind":"forest","pgcoord":"98-E2","county":"Allegany","acres":"2,714","landtype":"State Forest"}},{"type":"Feature","geometry":{"type":"Point","coordinates":[-75.640286,42.652392]},"properties":{"name":"Pigeon Hill State Forest","kind":"forest","pgcoord":"123-D4","county":"Chenango","acres":"737","landtype":"State Forest"}},{"type":"Feature","geometry":{"type":"Point","coordinates":[-77.274051,42.458063]},"properties":{"name":"Pigtail Hollow State Forest","kind":"forest","pgcoord":"100-B3","county":"Steuben","acres":"995","landtype":"State Forest"}},{"type":"Feature","geometry":{"type":"Point","coordinates":[-75.747868,43.865858]},"properties":{"name":"Pinckney State Forest","kind":"forest","pgcoord":"160-C3","county":"Lewis","acres":"2,167","landtype":"State Forest"}},{"type":"Feature","geometry":{"type":"Point","coordinates":[-78.978166,42.064876]},"properties":{"name":"Pine Hill State Forest","kind":"forest","pgcoord":"76-C1","county":"Cattaraugus","acres":"2,264","landtype":"State Forest"}},{"type":"Feature","geometry":{"type":"Point","coordinates":[-75.825596,42.593461]},"properties":{"name":"Pitcher Springs State Forest","kind":"forest","pgcoord":"122-E2","county":"Chenango","acres":"1,836","landtype":"State Forest"}},{"type":"Feature","geometry":{"type":"Point","coordinates":[-75.562878,44.387343]},"properties":{"name":"Pleasant Lake State Forest","kind":"forest","pgcoord":"169-D5","county":"St. Lawrence","acres":"964","landtype":"State Forest"}},{"type":"Feature","geometry":{"type":"Point","coordinates":[-77.962645,42.211237]},"properties":{"name":"Plumbottom State Forest","kind":"forest","pgcoord":"80-A1","county":"Allegany","acres":"1,684","landtype":"State Forest"}},{"type":"Feature","geometry":{"type":"Point","coordinates":[-75.553718,43.404521]},"properties":{"name":"Point Rock State Forest","kind":"forest","pgcoord":"151-A5","county":"Oneida","acres":"1,207","landtype":"State Forest"}},{"type":"Feature","geometry":{"type":"Point","coordinates":[-76.243294,42.358305]},"properties":{"name":"Potato Hill State Forest","kind":"forest","pgcoord":"104-D3","county":"Tompkins","acres":"1,425","landtype":"State Forest"}},{"type":"Feature","geometry":{"type":"Point","coordinates":[-75.657591,44.270919]},"properties":{"name":"Pulpit Rock State Forest","kind":"forest","pgcoord":"165-A4","county":"Jefferson","acres":"1,602","landtype":"State Forest"}},{"type":"Feature","geometry":{"type":"Point","coordinates":[-78.616253,42.192347]},"properties":{"name":"Raecher Hill State Forest","kind":"forest","pgcoord":"77-A5","county":"Cattaraugus","acres":"836","landtype":"State Forest"}},{"type":"Feature","geometry":{"type":"Point","coordinates":[-75.824002,42.477741]},"properties":{"name":"Red Brook State Forest","kind":"forest","pgcoord":"106-B2","county":"Chenango","acres":"598","landtype":"State Forest"}},{"type":"Feature","geometry":{"type":"Point","coordinates":[-76.244441,42.416091]},"properties":{"name":"Robinson Hollow State Forest","kind":"forest","pgcoord":"104-C3","county":"Tioga","acres":"1,928","landtype":"State Forest"}},{"type":"Feature","geometry":{"type":"Point","coordinates":[-78.708678,42.189313]},"properties":{"name":"Rock City State Forest","kind":"forest","pgcoord":"77-A4","county":"Cattaraugus","acres":"2,854","landtype":"State Forest"}},{"type":"Feature","geometry":{"type":"Point","coordinates":[-77.683154,42.160118]},"properties":{"name":"Rock Creek State Forest","kind":"forest","pgcoord":"81-B4","county":"Steuben","acres":"704","landtype":"State Forest"}},{"type":"Feature","geometry":{"type":"Point","coordinates":[-78.206145,42.377983]},"properties":{"name":"Rush Creek State Forest","kind":"forest","pgcoord":"97-C4","county":"Allegany","acres":"1,410","landtype":"State Forest"}},{"type":"Feature","geometry":{"type":"Point","coordinates":[-75.8389,43.576222]},"properties":{"name":"Salmon River State Forest","kind":"forest","pgcoord":"156-C2","county":"Oswego","acres":"2,096","landtype":"State Forest"}},{"type":"Feature","geometry":{"type":"Point","coordinates":[-76.079076,43.574261]},"properties":{"name":"Sandy Creek State Forest","kind":"forest","pgcoord":"155-C5","county":"Oswego","acres":"535","landtype":"State Forest"}},{"type":"Feature","geometry":{"type":"Point","coordinates":[-75.746429,43.75038]},"properties":{"name":"Sears Pond State Forest","kind":"forest","pgcoord":"160-E3","county":"Lewis","acres":"5,708","landtype":"State Forest"}},{"type":"Feature","geometry":{"type":"Point","coordinates":[-76.334832,42.29953]},"properties":{"name":"Shindagin Hollow State Forest","kind":"forest","pgcoord":"104-E2","county":"Tompkins","acres":"5,325","landtype":"State Forest"}},{"type":"Feature","geometry":{"type":"Point","coordinates":[-75.725778,42.015804]},"properties":{"name":"Skyline Drive State Forest","kind":"forest","pgcoord":"88-E3","county":"Broome","acres":"537","landtype":"State Forest"}},{"type":"Feature","geometry":{"type":"Point","coordinates":[-77.78808,42.446728]},"properties":{"name":"Slader Creek State Forest","kind":"forest","pgcoord":"98-B3","county":"Allegany","acres":"1,117","landtype":"State Forest"}},{"type":"Feature","geometry":{"type":"Point","coordinates":[-77.798301,42.677763]},"properties":{"name":"Sonyea State Forest","kind":"forest","pgcoord":"114-C3","county":"Livingston","acres":"902","landtype":"State Forest"}},{"type":"Feature","geometry":{"type":"Point","coordinates":[-77.082867,42.288438]},"properties":{"name":"South Bradford State Forest","kind":"forest","pgcoord":"101-E5","county":"Steuben","acres":"1,836","landtype":"State Forest"}},{"type":"Feature","geometry":{"type":"Point","coordinates":[-75.754432,44.386118]},"properties":{"name":"South Hammond State Forest","kind":"forest","pgcoord":"168-D3","county":"St. Lawrence","acres":"2,094","landtype":"State Forest"}},{"type":"Feature","geometry":{"type":"Point","coordinates":[-75.451555,42.364429]},"properties":{"name":"South Hill State Forest","kind":"forest","pgcoord":"107-D6","county":"Chenango","acres":"2,414","landtype":"State Forest"}},{"type":"Feature","geometry":{"type":"Point","coordinates":[-78.978166,42.064876]},"properties":{"name":"South Valley State Forest","kind":"forest","pgcoord":"76-C1","county":"Cattaraugus","acres":"4,256","landtype":"State Forest"}},{"type":"Feature","geometry":{"type":"Point","coordinates":[-79.41184,42.280058]},"properties":{"name":"Stockton State Forest","kind":"forest","pgcoord":"92-D2","county":"Chautauqua","acres":"983","landtype":"State Forest"}},{"type":"Feature","geometry":{"type":"Point","coordinates":[-75.834112,43.229382]},"properties":{"name":"Stone Barn State Forest","kind":"forest","pgcoord":"150-D2","county":"Oneida","acres":"618","landtype":"State Forest"}},{"type":"Feature","geometry":{"type":"Point","coordinates":[-75.930833,43.402153]},"properties":{"name":"Stone Hill State Forest","kind":"forest","pgcoord":"150-A1","county":"Oswego","acres":"1,020","landtype":"State Forest"}},{"type":"Feature","geometry":{"type":"Point","coordinates":[-75.735863,42.883106]},"properties":{"name":"Stoney Pond State Forest","kind":"forest","pgcoord":"136-E3","county":"Madison","acres":"1,469","landtype":"State Forest"}},{"type":"Feature","geometry":{"type":"Point","coordinates":[-76.992076,42.348011]},"properties":{"name":"Sugar Hill State Forest","kind":"forest","pgcoord":"101-D6","county":"Schuyler","acres":"9,160","landtype":"State Forest"}},{"type":"Feature","geometry":{"type":"Point","coordinates":[-76.342252,42.646352]},"properties":{"name":"Summer Hill State Forest","kind":"forest","pgcoord":"120-D2","county":"Cayuga","acres":"4,425","landtype":"State Forest"}},{"type":"Feature","geometry":{"type":"Point","coordinates":[-75.648781,43.461825]},"properties":{"name":"Swancott Hill State Forest","kind":"forest","pgcoord":"157-E4","county":"Oneida","acres":"2,035","landtype":"State Forest"}},{"type":"Feature","geometry":{"type":"Point","coordinates":[-75.648781,43.461825]},"properties":{"name":"Swancott Mill State Forest","kind":"forest","pgcoord":"157-E4","county":"Lewis","acres":"736","landtype":"State Forest"}},{"type":"Feature","geometry":{"type":"Point","coordinates":[-78.209106,42.435722]},"properties":{"name":"Swift Hill State Forest","kind":"forest","pgcoord":"97-B4","county":"Allegany","acres":"1,636","landtype":"State Forest"}},{"type":"Feature","geometry":{"type":"Point","coordinates":[-75.969651,42.650342]},"properties":{"name":"Taylor Valley State Forest","kind":"forest","pgcoord":"121-D6","county":"Cortland","acres":"4,650","landtype":"State Forest"}},{"type":"Feature","geometry":{"type":"Point","coordinates":[-75.734499,42.767404]},"properties":{"name":"Texas Hill State Forest","kind":"forest","pgcoord":"122-B3","county":"Madison","acres":"704","landtype":"State Forest"}},{"type":"Feature","geometry":{"type":"Point","coordinates":[-76.758319,42.409349]},"properties":{"name":"Texas Hollow State Forest","kind":"forest","pgcoord":"102-C3","county":"Schuyler","acres":"931","landtype":"State Forest"}},{"type":"Feature","geometry":{"type":"Point","coordinates":[-75.827894,42.766824]},"properties":{"name":"Three Springs State Forest","kind":"forest","pgcoord":"122-B2","county":"Madison","acres":"820","landtype":"State Forest"}},{"type":"Feature","geometry":{"type":"Point","coordinates":[-76.74871,42.062532]},"properties":{"name":"Tracy Creek State Forest","kind":"forest","pgcoord":"84-D3","county":"Chemung","acres":"1,082","landtype":"State Forest"}},{"type":"Feature","geometry":{"type":"Point","coordinates":[-75.742845,43.46123]},"properties":{"name":"Tri-County State Forest","kind":"forest","pgcoord":"156-E3","county":"Oneida","acres":"1,281","landtype":"State Forest"}},{"type":"Feature","geometry":{"type":"Point","coordinates":[-75.915236,42.361562]},"properties":{"name":"Triangle State Forest","kind":"forest","pgcoord":"106-D1","county":"Broome","acres":"663","landtype":"State Forest"}},{"type":"Feature","geometry":{"type":"Point","coordinates":[-75.985385,43.633061]},"properties":{"name":"Trout Brook State Forest","kind":"forest","pgcoord":"155-B6","county":"Oswego","acres":"635","landtype":"State Forest"}},{"type":"Feature","geometry":{"type":"Point","coordinates":[-75.842146,43.807521]},"properties":{"name":"Tug Hill State Forest","kind":"forest","pgcoord":"160-D2","county":"Lewis","acres":"12,482","landtype":"State Forest"}},{"type":"Feature","geometry":{"type":"Point","coordinates":[-76.154086,42.532648]},"properties":{"name":"Tuller Hill State Forest","kind":"forest","pgcoord":"105-A4","county":"Cortland","acres":"2,476","landtype":"State Forest"}},{"type":"Feature","geometry":{"type":"Point","coordinates":[-76.150898,42.35929]},"properties":{"name":"Turkey Hill State Forest","kind":"forest","pgcoord":"105-D4","county":"Tioga","acres":"1,121","landtype":"State Forest"}},{"type":"Feature","geometry":{"type":"Point","coordinates":[-77.590637,42.162331]},"properties":{"name":"Turkey Ridge State Forest","kind":"forest","pgcoord":"81-B5","county":"Steuben","acres":"683","landtype":"State Forest"}},{"type":"Feature","geometry":{"type":"Point","coordinates":[-77.872928,42.271309]},"properties":{"name":"Turnpike State Forest","kind":"forest","pgcoord":"98-E2","county":"Allegany","acres":"4,766","landtype":"State Forest"}},{"type":"Feature","geometry":{"type":"Point","coordinates":[-77.274051,42.458063]},"properties":{"name":"Urbana State Forest","kind":"forest","pgcoord":"100-B3","county":"Steuben","acres":"2,706","landtype":"State Forest"}},{"type":"Feature","geometry":{"type":"Point","coordinates":[-77.870186,42.213449]},"properties":{"name":"Vandermark State Forest","kind":"forest","pgcoord":"80-A2","county":"Allegany","acres":"2,350","landtype":"State Forest"}},{"type":"Feature","geometry":{"type":"Point","coordinates":[-79.391911,41.991855]},"properties":{"name":"Wellman Multiple Use Area","kind":"forest","pgcoord":"74-D2","county":"Chautauqua","acres":"447","landtype":"State Forest"}},{"type":"Feature","geometry":{"type":"Point","coordinates":[-75.553192,43.346734]},"properties":{"name":"West Branch State Forest","kind":"forest","pgcoord":"151-B5","county":"Oneida","acres":"528","landtype":"State Forest"}},{"type":"Feature","geometry":{"type":"Point","coordinates":[-77.081013,42.230522]},"properties":{"name":"West Hill State Forest","kind":"forest","pgcoord":"83-A5","county":"Steuben","acres":"896","landtype":"State Forest"}},{"type":"Feature","geometry":{"type":"Point","coordinates":[-75.74356,43.519025]},"properties":{"name":"West Osceola State Forest","kind":"forest","pgcoord":"156-D3","county":"Oswego","acres":"1,884","landtype":"State Forest"}},{"type":"Feature","geometry":{"type":"Point","coordinates":[-79.492174,42.103664]},"properties":{"name":"Whalen Memorial State Forest","kind":"forest","pgcoord":"74-B1","county":"Chautauqua","acres":"1,355","landtype":"State Forest"}},{"type":"Feature","geometry":{"type":"Point","coordinates":[-75.453231,42.595754]},"properties":{"name":"Whaupaunaucau State Forest","kind":"forest","pgcoord":"123-E6","county":"Chenango","acres":"1,189","landtype":"State Forest"}},{"type":"Feature","geometry":{"type":"Point","coordinates":[-75.544473,42.363855]},"properties":{"name":"Wiley Brook State Forest","kind":"forest","pgcoord":"107-D5","county":"Chenango","acres":"1,240","landtype":"State Forest"}},{"type":"Feature","geometry":{"type":"Point","coordinates":[-78.612998,42.134671]},"properties":{"name":"Windfall Creek State Forest","kind":"forest","pgcoord":"77-B5","county":"Cattaraugus","acres":"976","landtype":"State Forest"}},{"type":"Feature","geometry":{"type":"Point","coordinates":[-75.935306,43.691214]},"properties":{"name":"Winona State Forest","kind":"forest","pgcoord":"156-A1","county":"Oswego","acres":"9,213","landtype":"State Forest"}},{"type":"Feature","geometry":{"type":"Point","coordinates":[-76.338529,42.472888]},"properties":{"name":"Yellow Barn State Forest","kind":"forest","pgcoord":"104-B2","county":"Tompkins","acres":"1,299","landtype":"State Forest"}},{"type":"Feature","geometry":{"type":"Point","coordinates":[-75.562316,44.32958]},"properties":{"name":"Yellow Lake State Forest","kind":"forest","pgcoord":"169-E5","county":"St. Lawrence","acres":"748","landtype":"State Forest"}},{"type":"Feature","geometry":{"type":"Point","coordinates":[-78.907323,42.414046]},"properties":{"name":"Zoar Valley Multiple Use Area","kind":"forest","pgcoord":"94-B2","county":"Cattaraugus","acres":"2,935","landtype":"State Forest"}},{"type":"Feature","geometry":{"type":"Point","coordinates":[-76.761562,42.524887]},"properties":{"name":"Finger Lakes National Forest","kind":"forest","pgcoord":"102-A3","county":"Schuyler","acres":"16,032","landtype":"State Forest"}},{"type":"Feature","geometry":{"type":"Point","coordinates":[-78.705341,42.131637]},"properties":{"name":"Allegany Forest Tract","kind":"viewing","pgcoord":"77-B4","county":"Cattaraugus"}},{"type":"Feature","geometry":{"type":"Point","coordinates":[-77.489823,43.205573]},"properties":{"name":"Alvar Barrens and Grasslands","kind":"viewing","pgcoord":"144-D1","county":"Jefferson"}},{"type":"Feature","geometry":{"type":"Point","coordinates":[-76.673575,42.699724]},"properties":{"name":"Aurora Grassland Complex","kind":"viewing","pgcoord":"119-C4","county":"Cayuga"}},{"type":"Feature","geometry":{"type":"Point","coordinates":[-78.004091,43.077403]},"properties":{"name":"Bergen Swamp","kind":"viewing","pgcoord":"128-A1","county":"Genesee"}},{"type":"Feature","geometry":{"type":"Point","coordinates":[-77.733592,43.315281]},"properties":{"name":"Braddock Bay","kind":"viewing","pgcoord":"143-B4","county":"Monroe"}},{"type":"Feature","geometry":{"type":"Point","coordinates":[-77.286736,42.804722]},"properties":{"name":"Canandaigua Lake","kind":"viewing","pgcoord":"116-A3","county":"Ontario"}},{"type":"Feature","geometry":{"type":"Point","coordinates":[-76.431456,42.471898]},"properties":{"name":"Caswell Road Grasslands","kind":"viewing","pgcoord":"104-B1","county":"Tompkins"}},{"type":"Feature","geometry":{"type":"Point","coordinates":[-76.768091,42.756079]},"properties":{"name":"Cayuga Lake","kind":"viewing","pgcoord":"118-B3","county":"Seneca"}},{"type":"Feature","geometry":{"type":"Point","coordinates":[-76.844374,42.176755]},"properties":{"name":"Center at Horseheads Field","kind":"viewing","pgcoord":"84-B2","county":"Chemung"}},{"type":"Feature","geometry":{"type":"Point","coordinates":[-75.842146,43.807521]},"properties":{"name":"Central Tug Hill Forest","kind":"viewing","pgcoord":"160-D2","county":"Jefferson"}},{"type":"Feature","geometry":{"type":"Point","coordinates":[-76.088485,44.094495]},"properties":{"name":"Chaumont Barrens Preserve","kind":"viewing","pgcoord":"163-D5","county":"Jefferson"}},{"type":"Feature","geometry":{"type":"Point","coordinates":[-79.403884,42.16472]},"properties":{"name":"Chautauqua Lake","kind":"viewing","pgcoord":"74-A2","county":"Chautauqua"}},{"type":"Feature","geometry":{"type":"Point","coordinates":[-76.664332,42.352976]},"properties":{"name":"Connecticut Hill Area","kind":"viewing","pgcoord":"103-D4","county":"Tompkins"}},{"type":"Feature","geometry":{"type":"Point","coordinates":[-75.832531,43.113704]},"properties":{"name":"Cowaselon Creek Watershed","kind":"viewing","pgcoord":"136-A2","county":"Madison"}},{"type":"Feature","geometry":{"type":"Point","coordinates":[-76.266723,43.514435]},"properties":{"name":"Derby Hill Bird Observatory","kind":"viewing","pgcoord":"154-D3","county":"Oswego"}},{"type":"Feature","geometry":{"type":"Point","coordinates":[-79.33535,42.514247]},"properties":{"name":"Dunkirk Harbor and Point Gratiot","kind":"viewing","pgcoord":"108-E3","county":"Chautauqua"}},{"type":"Feature","geometry":{"type":"Point","coordinates":[-76.177176,43.746768]},"properties":{"name":"Eastern Lake Ontario Barrier Beaches","kind":"viewing","pgcoord":"159-E4","county":"Jefferson"}},{"type":"Feature","geometry":{"type":"Point","coordinates":[-76.178309,43.804493]},"properties":{"name":"El Dorado Beach Preserve","kind":"viewing","pgcoord":"159-D4","county":"Jefferson"}},{"type":"Feature","geometry":{"type":"Point","coordinates":[-76.761562,42.524887]},"properties":{"name":"Finger Lakes National Forest","kind":"viewing","pgcoord":"102-A3","county":"Schuyler"}},{"type":"Feature","geometry":{"type":"Point","coordinates":[-75.564003,44.502889]},"properties":{"name":"Fish Creek Marsh WMA","kind":"viewing","pgcoord":"169-B5","county":"St. Lawrence"}},{"type":"Feature","geometry":{"type":"Point","coordinates":[-75.560671,44.155973]},"properties":{"name":"Fort Drum","kind":"viewing","pgcoord":"165-C5","county":"Jefferson"}},{"type":"Feature","geometry":{"type":"Point","coordinates":[-76.870146,43.043629]},"properties":{"name":"Galen Marsh","kind":"viewing","pgcoord":"132-B2","county":"Wayne"}},{"type":"Feature","geometry":{"type":"Point","coordinates":[-76.343499,42.704134]},"properties":{"name":"Greater Summerhill Area","kind":"viewing","pgcoord":"120-C2","county":"Cayuga"}},{"type":"Feature","geometry":{"type":"Point","coordinates":[-77.924215,43.368402]},"properties":{"name":"Hamlin Beach State Park","kind":"viewing","pgcoord":"142-A2","county":"Monroe"}},{"type":"Feature","geometry":{"type":"Point","coordinates":[-75.982468,43.459754]},"properties":{"name":"Happy Valley Wildlife Management Area","kind":"viewing","pgcoord":"155-E6","county":"Oswego"}},{"type":"Feature","geometry":{"type":"Point","coordinates":[-77.614695,42.739994]},"properties":{"name":"Hemlock and Canadice Lakes","kind":"viewing","pgcoord":"115-B5","county":"Livingston"}},{"type":"Feature","geometry":{"type":"Point","coordinates":[-77.373519,42.629577]},"properties":{"name":"High Tor Wildlife Management Area","kind":"viewing","pgcoord":"116-D2","county":"Ontario"}},{"type":"Feature","geometry":{"type":"Point","coordinates":[-75.659545,44.444499]},"properties":{"name":"Indian River/Black Lakes","kind":"viewing","pgcoord":"169-C4","county":"St. Lawrence"}},{"type":"Feature","geometry":{"type":"Point","coordinates":[-78.432325,43.123094]},"properties":{"name":"Iroquois NWR/Oak Orchard and Tonawanda WMAs","kind":"viewing","pgcoord":"140-E2","county":"Genesee"}},{"type":"Feature","geometry":{"type":"Point","coordinates":[-77.87824,42.386731]},"properties":{"name":"Keeney Swamp Forest","kind":"viewing","pgcoord":"98-C2","county":"Allegany"}},{"type":"Feature","geometry":{"type":"Point","coordinates":[-77.984608,42.673252]},"properties":{"name":"Letchworth State Park","kind":"viewing","pgcoord":"114-C1","county":"Wyoming"}},{"type":"Feature","geometry":{"type":"Point","coordinates":[-76.369202,43.860135]},"properties":{"name":"Little Galloo Island","kind":"viewing","pgcoord":"158-C2","county":"Jefferson"}},{"type":"Feature","geometry":{"type":"Point","coordinates":[-75.823259,42.419938]},"properties":{"name":"Long Pond State Forest","kind":"viewing","pgcoord":"106-C2","county":"Chenango"}},{"type":"Feature","geometry":{"type":"Point","coordinates":[-76.774708,42.987299]},"properties":{"name":"Montezuma Wetlands Complex","kind":"viewing","pgcoord":"132-C3","county":"Seneca"}},{"type":"Feature","geometry":{"type":"Point","coordinates":[-77.806114,42.851076]},"properties":{"name":"Nation\u2019s Road Grassland","kind":"viewing","pgcoord":"128-E3","county":"Livingston"}},{"type":"Feature","geometry":{"type":"Point","coordinates":[-78.947422,43.048594]},"properties":{"name":"Niagara River Corridor","kind":"viewing","pgcoord":"124-A2","county":"Erie"}},{"type":"Feature","geometry":{"type":"Point","coordinates":[-76.339761,42.530674]},"properties":{"name":"O.D. von Engeln Preserve","kind":"viewing","pgcoord":"104-A2","county":"Tompkins"}},{"type":"Feature","geometry":{"type":"Point","coordinates":[-75.97881,43.228432]},"properties":{"name":"Oneida Lake Islands","kind":"viewing","pgcoord":"149-D6","county":"Oswego"}},{"type":"Feature","geometry":{"type":"Point","coordinates":[-76.258412,43.109718]},"properties":{"name":"Onondaga Lake","kind":"viewing","pgcoord":"134-A3","county":"Onondaga"}},{"type":"Feature","geometry":{"type":"Point","coordinates":[-75.941667,44.095763]},"properties":{"name":"Perch River Complex","kind":"viewing","pgcoord":"164-D1","county":"Jefferson"}},{"type":"Feature","geometry":{"type":"Point","coordinates":[-75.732454,42.594035]},"properties":{"name":"Pharsalia Woods","kind":"viewing","pgcoord":"122-E3","county":"Chenango"}},{"type":"Feature","geometry":{"type":"Point","coordinates":[-76.276581,43.976712]},"properties":{"name":"Point Peninsula","kind":"viewing","pgcoord":"158-A3","county":"Jefferson"}},{"type":"Feature","geometry":{"type":"Point","coordinates":[-76.849444,42.350179]},"properties":{"name":"Queen Catharine Marsh","kind":"viewing","pgcoord":"102-D2","county":"Schuyler"}},{"type":"Feature","geometry":{"type":"Point","coordinates":[-79.646312,42.270864]},"properties":{"name":"Ripley Hawk Watch","kind":"viewing","pgcoord":"91-D5","county":"Chautauqua"}},{"type":"Feature","geometry":{"type":"Point","coordinates":[-77.540171,43.204454]},"properties":{"name":"Rochester Area Urban Parks","kind":"viewing","pgcoord":"143-D6","county":"Monroe"}},{"type":"Feature","geometry":{"type":"Point","coordinates":[-75.646307,43.230565]},"properties":{"name":"Rome Sand Plains","kind":"viewing","pgcoord":"151-D4","county":"Oneida"}},{"type":"Feature","geometry":{"type":"Point","coordinates":[-76.577326,42.585613]},"properties":{"name":"Salmon Creek","kind":"viewing","pgcoord":"119-E5","county":"Tompkins"}},{"type":"Feature","geometry":{"type":"Point","coordinates":[-76.861452,42.754655]},"properties":{"name":"Seneca Army Depot","kind":"viewing","pgcoord":"118-B2","county":"Seneca"}},{"type":"Feature","geometry":{"type":"Point","coordinates":[-76.858006,42.639114]},"properties":{"name":"Seneca Lake","kind":"viewing","pgcoord":"118-D2","county":"Seneca"}},{"type":"Feature","geometry":{"type":"Point","coordinates":[-76.251388,42.762921]},"properties":{"name":"Southern Skaneateles Lake Forest","kind":"viewing","pgcoord":"120-B3","county":"Cayuga"}},{"type":"Feature","geometry":{"type":"Point","coordinates":[-77.48746,43.147829]},"properties":{"name":"Thousand Acre Swamp","kind":"viewing","pgcoord":"144-E1","county":"Monroe"}},{"type":"Feature","geometry":{"type":"Point","coordinates":[-78.839475,42.821033]},"properties":{"name":"Tifft Nature Preserve","kind":"viewing","pgcoord":"124-E3","county":"Erie"}},{"type":"Feature","geometry":{"type":"Point","coordinates":[-78.659974,42.942618]},"properties":{"name":"Tillman Road WMA","kind":"viewing","pgcoord":"125-C5","county":"Erie"}},{"type":"Feature","geometry":{"type":"Point","coordinates":[-75.966073,42.419056]},"properties":{"name":"Tioughnioga River/Whitney Point Reservoir","kind":"viewing","pgcoord":"105-C6","county":"Cortland"}},{"type":"Feature","geometry":{"type":"Point","coordinates":[-76.073959,43.285196]},"properties":{"name":"Toad Harbor Swamp","kind":"viewing","pgcoord":"149-C5","county":"Oswego"}},{"type":"Feature","geometry":{"type":"Point","coordinates":[-75.650646,43.635208]},"properties":{"name":"Tug Hill Area","kind":"viewing","pgcoord":"157-B4","county":"Lewis"}},{"type":"Feature","geometry":{"type":"Point","coordinates":[-75.996804,44.326775]},"properties":{"name":"Upper St.Lawrence/Thousand islands","kind":"viewing","pgcoord":"167-E6","county":"Jefferson"}},{"type":"Feature","geometry":{"type":"Point","coordinates":[-79.327358,42.39885]},"properties":{"name":"Wheeler\u2019s Gulf","kind":"viewing","pgcoord":"92-B3","county":"Chautauqua"}},{"type":"Feature","geometry":{"type":"Point","coordinates":[-76.352291,43.108708]},"properties":{"name":"Whiskey Hollow","kind":"viewing","pgcoord":"134-A2","county":"Onondaga"}},{"type":"Feature","geometry":{"type":"Point","coordinates":[-76.931599,42.001838]},"properties":{"name":"Widger Hill","kind":"viewing","pgcoord":"84-E1","county":"Steuben"}}]}